{
	"solverName":	"mip",
	"timeLimit":	1200,
	"randomSeed":	8111,
	"cmdLineDefines":	["HEUR_PRICER_MODE", "APPLY_UPPER_CUTOFF", "AMORTIZED_FRACTIONAL_LABELING"],
	"inputFile":	"data/BAP_Instances/last-10/CVRP-scaled-5.0/A/A-n37-k5/A-n37-k5-c642.vrp",
	"instanceInfo":	{
		"name":	"A-n37-k5-c642",
		"comment":	"(Augerat:et al, No of trucks: 5, Optimal value: 669)",
		"vehicleCap":	500,
		"numCustomers":	36,
		"numVehicles":	1
	},
	"solveStatus":	{
		"code":	2,
		"erroredOut":	false,
		"containsPrimalSolution":	false,
		"closedProblem":	true,
		"resExhaustionAbortion":	false,
		"sigTermAbortion":	false
	},
	"timingInfo":	{
		"took":	0.160743,
		"tookRepr":	"160 msec(s), 743 usec(s)",
		"started":	"Sun Jun  5 11:00:26 2022",
		"ended":	"Sun Jun  5 11:00:26 2022"
	},
	"bounds":	{
		"dual":	1e+75,
		"primal":	0,
		"gap":	-1e+85
	},
	"constants":	{
		"COST_TOLERANCE":	1e-06
	}
}