{
	"solverName":	"mip",
	"timeLimit":	1200,
	"randomSeed":	8111,
	"cmdLineDefines":	["HEUR_PRICER_MODE", "APPLY_UPPER_CUTOFF", "AMORTIZED_FRACTIONAL_LABELING"],
	"inputFile":	"data/BAP_Instances/last-10/CVRP-scaled-4.0/A/A-n37-k5/A-n37-k5-c889.vrp",
	"instanceInfo":	{
		"name":	"A-n37-k5-c889",
		"comment":	"(Augerat:et al, No of trucks: 5, Optimal value: 669)",
		"vehicleCap":	400,
		"numCustomers":	36,
		"numVehicles":	2
	},
	"solveStatus":	{
		"code":	6,
		"erroredOut":	false,
		"containsPrimalSolution":	true,
		"closedProblem":	true,
		"resExhaustionAbortion":	false,
		"sigTermAbortion":	false
	},
	"timingInfo":	{
		"took":	0.254924,
		"tookRepr":	"254 msec(s), 924 usec(s)",
		"started":	"Sun Jun  5 10:21:50 2022",
		"ended":	"Sun Jun  5 10:21:50 2022"
	},
	"bounds":	{
		"dual":	-0.021562563853549044,
		"primal":	-0.021562563853549044,
		"gap":	0
	},
	"tourInfo":	{
		"cost":	-0.021562563853649408,
		"profit":	382.02156256385365,
		"demand":	282,
		"route":	[0, 3, 1, 12, 17, 14, 23, 24, 9, 8, 27, 11, 20, 19, 2, 10, 6, 5, 13, 22, 33, 4, 7, 16, 21]
	},
	"constants":	{
		"COST_TOLERANCE":	1e-06
	}
}