{
	"solverName":	"mip",
	"timeLimit":	60,
	"randomSeed":	8111,
	"cmdLineDefines":	["HEUR_PRICER_MODE", "APPLY_UPPER_CUTOFF", "NUM_THREADS"],
	"inputFile":	"data/BAP_Instances/last-10/CVRP-scaled-1.0/A/A-n37-k5/A-n37-k5-c313.vrp",
	"instanceInfo":	{
		"name":	"A-n37-k5-c313",
		"comment":	"(Augerat:et al, No of trucks: 5, Optimal value: 669)",
		"vehicleCap":	100,
		"numCustomers":	36,
		"numVehicles":	5
	},
	"solveStatus":	{
		"code":	6,
		"erroredOut":	false,
		"containsPrimalSolution":	true,
		"closedProblem":	true,
		"resExhaustionAbortion":	false,
		"sigTermAbortion":	false
	},
	"timingInfo":	{
		"took":	7.214321,
		"tookRepr":	"7 seconds(s), 214 msec(s), 321 usec(s)",
		"started":	"Wed Jun  8 22:33:44 2022",
		"ended":	"Wed Jun  8 22:33:52 2022"
	},
	"bounds":	{
		"dual":	-3.2862601528904634e-14,
		"primal":	-3.2862601528904634e-14,
		"gap":	0
	},
	"tourInfo":	{
		"cost":	-4.2632564145606011e-14,
		"profit":	116.00000000000004,
		"demand":	94,
		"route":	[0, 4, 33, 13, 22, 16, 21]
	},
	"constants":	{
		"COST_TOLERANCE":	1e-06
	}
}