{
	"solverName":	"mip",
	"timeLimit":	60,
	"randomSeed":	8111,
	"cmdLineDefines":	["HEUR_PRICER_MODE", "APPLY_UPPER_CUTOFF", "DISABLE_FRACTIONAL_SEPARATION", "NUM_THREADS"],
	"inputFile":	"data/BAP_Instances/last-10/CVRP-scaled-1.0/A/A-n37-k5/A-n37-k5-c313.vrp",
	"instanceInfo":	{
		"name":	"A-n37-k5-c313",
		"comment":	"(Augerat:et al, No of trucks: 5, Optimal value: 669)",
		"vehicleCap":	100,
		"numCustomers":	36,
		"numVehicles":	5
	},
	"solveStatus":	{
		"code":	6,
		"erroredOut":	false,
		"containsPrimalSolution":	true,
		"closedProblem":	true,
		"resExhaustionAbortion":	false,
		"sigTermAbortion":	false
	},
	"timingInfo":	{
		"took":	13.014245,
		"tookRepr":	"13 seconds(s), 14 msec(s), 245 usec(s)",
		"started":	"Wed Jun  8 22:33:46 2022",
		"ended":	"Wed Jun  8 22:33:59 2022"
	},
	"bounds":	{
		"dual":	-4.3520742565306136e-14,
		"primal":	-4.3520742565306136e-14,
		"gap":	0
	},
	"tourInfo":	{
		"cost":	-2.8421709430404e-14,
		"profit":	173,
		"demand":	97,
		"route":	[0, 1, 12, 10, 6, 5, 33, 22]
	},
	"constants":	{
		"COST_TOLERANCE":	1e-06
	}
}