{
	"solverName":	"mip",
	"timeLimit":	1200,
	"randomSeed":	8111,
	"cmdLineDefines":	["HEUR_PRICER_MODE", "APPLY_UPPER_CUTOFF", "AMORTIZED_FRACTIONAL_LABELING"],
	"inputFile":	"data/BAP_Instances/last-10/CVRP-scaled-8.0/A/A-n37-k5/A-n37-k5-c788.vrp",
	"instanceInfo":	{
		"name":	"A-n37-k5-c788",
		"comment":	"(Augerat:et al, No of trucks: 5, Optimal value: 669)",
		"vehicleCap":	800,
		"numCustomers":	36,
		"numVehicles":	1
	},
	"solveStatus":	{
		"code":	6,
		"erroredOut":	false,
		"containsPrimalSolution":	true,
		"closedProblem":	true,
		"resExhaustionAbortion":	false,
		"sigTermAbortion":	false
	},
	"timingInfo":	{
		"took":	0.22611,
		"tookRepr":	"226 msec(s), 110 usec(s)",
		"started":	"Sun Jun  5 11:04:10 2022",
		"ended":	"Sun Jun  5 11:04:10 2022"
	},
	"bounds":	{
		"dual":	-0.53043006672610937,
		"primal":	-0.530430066726126,
		"gap":	-3.11866240273619e-14
	},
	"tourInfo":	{
		"cost":	-0.53043006672618276,
		"profit":	390.53043006672618,
		"demand":	323,
		"route":	[0, 15, 34, 36, 29, 32, 28, 31, 26, 30, 18, 35, 25, 8, 27, 11, 9, 24, 23, 14, 17, 12, 10, 6, 5, 33, 13, 22, 16, 21]
	},
	"constants":	{
		"COST_TOLERANCE":	1e-06
	}
}