{
	"solverName":	"mip",
	"timeLimit":	60,
	"randomSeed":	8111,
	"cmdLineDefines":	["HEUR_PRICER_MODE", "APPLY_UPPER_CUTOFF", "NUM_THREADS"],
	"inputFile":	"data/BAP_Instances/last-10/CVRP-scaled-1.0/A/A-n37-k5/A-n37-k5-c295.vrp",
	"instanceInfo":	{
		"name":	"A-n37-k5-c295",
		"comment":	"(Augerat:et al, No of trucks: 5, Optimal value: 669)",
		"vehicleCap":	100,
		"numCustomers":	36,
		"numVehicles":	5
	},
	"solveStatus":	{
		"code":	6,
		"erroredOut":	false,
		"containsPrimalSolution":	true,
		"closedProblem":	true,
		"resExhaustionAbortion":	false,
		"sigTermAbortion":	false
	},
	"timingInfo":	{
		"took":	5.475022,
		"tookRepr":	"5 seconds(s), 475 msec(s), 22 usec(s)",
		"started":	"Wed Jun  8 22:33:30 2022",
		"ended":	"Wed Jun  8 22:33:35 2022"
	},
	"bounds":	{
		"dual":	-0.99999999999999334,
		"primal":	-1,
		"gap":	-6.6613381470848054e-15
	},
	"tourInfo":	{
		"cost":	-1,
		"profit":	155,
		"demand":	98,
		"route":	[0, 15, 30, 25, 35, 18, 26, 31, 28, 32, 29]
	},
	"constants":	{
		"COST_TOLERANCE":	1e-06
	}
}