{
	"solverName":	"mip",
	"timeLimit":	30,
	"randomSeed":	8111,
	"cmdLineDefines":	["HEUR_PRICER_MODE", "APPLY_UPPER_CUTOFF", "DISABLE_FRACTIONAL_SEPARATION", "NUM_THREADS"],
	"inputFile":	"data/BAP_Instances/last-10/CVRP-scaled-1.0/A/A-n37-k5/A-n37-k5-c295.vrp",
	"instanceInfo":	{
		"name":	"A-n37-k5-c295",
		"comment":	"(Augerat:et al, No of trucks: 5, Optimal value: 669)",
		"vehicleCap":	100,
		"numCustomers":	36,
		"numVehicles":	5
	},
	"solveStatus":	{
		"code":	6,
		"erroredOut":	false,
		"containsPrimalSolution":	true,
		"closedProblem":	true,
		"resExhaustionAbortion":	false,
		"sigTermAbortion":	false
	},
	"timingInfo":	{
		"took":	11.247765,
		"tookRepr":	"11 seconds(s), 247 msec(s), 765 usec(s)",
		"started":	"Wed Jun  8 19:17:30 2022",
		"ended":	"Wed Jun  8 19:17:41 2022"
	},
	"bounds":	{
		"dual":	-1.0000000000000004,
		"primal":	-1.0000000000000004,
		"gap":	0
	},
	"tourInfo":	{
		"cost":	-1,
		"profit":	155,
		"demand":	98,
		"route":	[0, 15, 30, 25, 35, 18, 26, 31, 28, 32, 29]
	},
	"constants":	{
		"COST_TOLERANCE":	1e-06
	}
}