{
	"solverName":	"mip",
	"timeLimit":	1200,
	"randomSeed":	8111,
	"cmdLineDefines":	["HEUR_PRICER_MODE", "APPLY_UPPER_CUTOFF"],
	"inputFile":	"data/BAP_Instances_Test/A-n37-k5/A-n37-k5-c250.vrp",
	"instanceInfo":	{
		"name":	"A-n37-k5-c250",
		"comment":	"(Augerat:et al, No of trucks: 5, Optimal value: 669)",
		"vehicleCap":	100,
		"numCustomers":	36,
		"numVehicles":	5
	},
	"solveStatus":	{
		"code":	6,
		"erroredOut":	false,
		"containsPrimalSolution":	true,
		"closedProblem":	true,
		"resExhaustionAbortion":	false,
		"sigTermAbortion":	false
	},
	"timingInfo":	{
		"took":	1.275458,
		"tookRepr":	"1 seconds(s), 275 msec(s), 458 usec(s)",
		"started":	"Wed May 25 22:31:19 2022",
		"ended":	"Wed May 25 22:31:20 2022"
	},
	"bounds":	{
		"dual":	-1.6466045097128443,
		"primal":	-1.6466045097128514,
		"gap":	-4.3151997430206151e-15
	},
	"tourInfo":	{
		"cost":	-1.64660450971283,
		"profit":	236.64660450971283,
		"demand":	99,
		"route":	[0, 3, 24, 9, 11, 27, 8, 25, 18, 26, 31, 28, 32, 29]
	},
	"constants":	{
		"COST_TOLERANCE":	1e-06
	}
}