{
	"solverName":	"mip",
	"timeLimit":	30,
	"randomSeed":	8111,
	"cmdLineDefines":	["HEUR_PRICER_MODE", "APPLY_UPPER_CUTOFF", "DISABLE_FRACTIONAL_SEPARATION", "NUM_THREADS"],
	"inputFile":	"data/BAP_Instances/last-10/CVRP-scaled-2.0/A/A-n37-k5/A-n37-k5-c493.vrp",
	"instanceInfo":	{
		"name":	"A-n37-k5-c493",
		"comment":	"(Augerat:et al, No of trucks: 5, Optimal value: 669)",
		"vehicleCap":	200,
		"numCustomers":	36,
		"numVehicles":	3
	},
	"solveStatus":	{
		"code":	6,
		"erroredOut":	false,
		"containsPrimalSolution":	true,
		"closedProblem":	true,
		"resExhaustionAbortion":	false,
		"sigTermAbortion":	false
	},
	"timingInfo":	{
		"took":	2.136497,
		"tookRepr":	"2 seconds(s), 136 msec(s), 497 usec(s)",
		"started":	"Wed Jun  8 19:37:19 2022",
		"ended":	"Wed Jun  8 19:37:21 2022"
	},
	"bounds":	{
		"dual":	-0.1275162557319689,
		"primal":	-0.12751625573197245,
		"gap":	-2.7860868840768775e-14
	},
	"tourInfo":	{
		"cost":	-0.12751625573190495,
		"profit":	374.1275162557319,
		"demand":	200,
		"route":	[0, 7, 4, 33, 5, 6, 2, 20, 23, 24, 9, 11, 27, 8, 25, 35, 18, 31, 32, 29]
	},
	"constants":	{
		"COST_TOLERANCE":	1e-06
	}
}