{
	"solverName":	"mip",
	"timeLimit":	1200,
	"randomSeed":	8111,
	"cmdLineDefines":	["HEUR_PRICER_MODE", "APPLY_UPPER_CUTOFF", "AMORTIZED_FRACTIONAL_LABELING"],
	"inputFile":	"data/BAP_Instances/last-10/CVRP-scaled-4.0/A/A-n37-k5/A-n37-k5-c884.vrp",
	"instanceInfo":	{
		"name":	"A-n37-k5-c884",
		"comment":	"(Augerat:et al, No of trucks: 5, Optimal value: 669)",
		"vehicleCap":	400,
		"numCustomers":	36,
		"numVehicles":	2
	},
	"solveStatus":	{
		"code":	6,
		"erroredOut":	false,
		"containsPrimalSolution":	true,
		"closedProblem":	true,
		"resExhaustionAbortion":	false,
		"sigTermAbortion":	false
	},
	"timingInfo":	{
		"took":	0.265286,
		"tookRepr":	"265 msec(s), 286 usec(s)",
		"started":	"Sun Jun  5 10:21:52 2022",
		"ended":	"Sun Jun  5 10:21:52 2022"
	},
	"bounds":	{
		"dual":	-0.0866442013718789,
		"primal":	-0.0866442013718869,
		"gap":	-9.22578273157123e-14
	},
	"tourInfo":	{
		"cost":	-0.0866442013718256,
		"profit":	432.08664420137183,
		"demand":	338,
		"route":	[0, 21, 16, 7, 4, 33, 22, 13, 5, 6, 10, 12, 17, 14, 23, 24, 9, 11, 27, 8, 25, 35, 18, 30, 26, 31, 28, 32, 29, 36, 34]
	},
	"constants":	{
		"COST_TOLERANCE":	1e-06
	}
}