{
	"solverName":	"mip",
	"timeLimit":	1200,
	"randomSeed":	8111,
	"cmdLineDefines":	["HEUR_PRICER_MODE", "APPLY_UPPER_CUTOFF", "AMORTIZED_FRACTIONAL_LABELING"],
	"inputFile":	"data/BAP_Instances/last-10/CVRP-scaled-5.0/A/A-n37-k5/A-n37-k5-c641.vrp",
	"instanceInfo":	{
		"name":	"A-n37-k5-c641",
		"comment":	"(Augerat:et al, No of trucks: 5, Optimal value: 669)",
		"vehicleCap":	500,
		"numCustomers":	36,
		"numVehicles":	1
	},
	"solveStatus":	{
		"code":	6,
		"erroredOut":	false,
		"containsPrimalSolution":	true,
		"closedProblem":	true,
		"resExhaustionAbortion":	false,
		"sigTermAbortion":	false
	},
	"timingInfo":	{
		"took":	0.207603,
		"tookRepr":	"207 msec(s), 603 usec(s)",
		"started":	"Sun Jun  5 11:00:25 2022",
		"ended":	"Sun Jun  5 11:00:25 2022"
	},
	"bounds":	{
		"dual":	-2.3329587363553088,
		"primal":	-2.33295873635532,
		"gap":	-4.5685081651274319e-15
	},
	"tourInfo":	{
		"cost":	-2.3329587363552946,
		"profit":	519.33295873635529,
		"demand":	407,
		"route":	[0, 15, 34, 36, 29, 32, 28, 31, 26, 30, 18, 35, 25, 3, 1, 12, 17, 14, 23, 24, 9, 8, 27, 11, 20, 19, 2, 10, 6, 5, 13, 22, 33, 4, 7, 16, 21]
	},
	"constants":	{
		"COST_TOLERANCE":	1e-06
	}
}