{
	"solverName":	"mip",
	"timeLimit":	30,
	"randomSeed":	8111,
	"cmdLineDefines":	["HEUR_PRICER_MODE", "APPLY_UPPER_CUTOFF", "DISABLE_FRACTIONAL_SEPARATION", "NUM_THREADS"],
	"inputFile":	"data/BAP_Instances/last-10/CVRP-scaled-1.0/A/A-n37-k5/A-n37-k5-c256.vrp",
	"instanceInfo":	{
		"name":	"A-n37-k5-c256",
		"comment":	"(Augerat:et al, No of trucks: 5, Optimal value: 669)",
		"vehicleCap":	100,
		"numCustomers":	36,
		"numVehicles":	5
	},
	"solveStatus":	{
		"code":	6,
		"erroredOut":	false,
		"containsPrimalSolution":	true,
		"closedProblem":	true,
		"resExhaustionAbortion":	false,
		"sigTermAbortion":	false
	},
	"timingInfo":	{
		"took":	12.453352,
		"tookRepr":	"12 seconds(s), 453 msec(s), 352 usec(s)",
		"started":	"Wed Jun  8 19:17:38 2022",
		"ended":	"Wed Jun  8 19:17:50 2022"
	},
	"bounds":	{
		"dual":	-0.434127502974758,
		"primal":	-0.43412750297475,
		"gap":	1.841303700107835e-14
	},
	"tourInfo":	{
		"cost":	-0.43412750297477487,
		"profit":	185.43412750297477,
		"demand":	100,
		"route":	[0, 24, 9, 11, 27, 8, 25, 30, 36]
	},
	"constants":	{
		"COST_TOLERANCE":	1e-06
	}
}