{
	"solverName":	"mip",
	"timeLimit":	1200,
	"randomSeed":	8111,
	"cmdLineDefines":	["HEUR_PRICER_MODE", "APPLY_UPPER_CUTOFF", "AMORTIZED_FRACTIONAL_LABELING"],
	"inputFile":	"data/BAP_Instances/last-10/CVRP-scaled-10.0/A/A-n37-k5/A-n37-k5-c962.vrp",
	"instanceInfo":	{
		"name":	"A-n37-k5-c962",
		"comment":	"(Augerat:et al, No of trucks: 5, Optimal value: 669)",
		"vehicleCap":	1000,
		"numCustomers":	36,
		"numVehicles":	1
	},
	"solveStatus":	{
		"code":	6,
		"erroredOut":	false,
		"containsPrimalSolution":	true,
		"closedProblem":	true,
		"resExhaustionAbortion":	false,
		"sigTermAbortion":	false
	},
	"timingInfo":	{
		"took":	0.243653,
		"tookRepr":	"243 msec(s), 653 usec(s)",
		"started":	"Sun Jun  5 11:06:40 2022",
		"ended":	"Sun Jun  5 11:06:40 2022"
	},
	"bounds":	{
		"dual":	-0.66426212468114532,
		"primal":	-0.66426212468115153,
		"gap":	-9.35963184706522e-15
	},
	"tourInfo":	{
		"cost":	-0.66426212468115864,
		"profit":	421.66426212468116,
		"demand":	334,
		"route":	[0, 15, 34, 36, 32, 28, 31, 26, 30, 18, 35, 25, 8, 27, 11, 9, 24, 23, 20, 14, 17, 12, 10, 6, 5, 13, 22, 4, 7, 16, 21]
	},
	"constants":	{
		"COST_TOLERANCE":	1e-06
	}
}