{
	"solverName":	"mip",
	"timeLimit":	30,
	"randomSeed":	8111,
	"cmdLineDefines":	["HEUR_PRICER_MODE", "APPLY_UPPER_CUTOFF", "AMORTIZED_FRACTIONAL_LABELING", "NUM_THREADS"],
	"inputFile":	"data/BAP_Instances/last-10/CVRP-scaled-2.0/A/A-n37-k5/A-n37-k5-c496.vrp",
	"instanceInfo":	{
		"name":	"A-n37-k5-c496",
		"comment":	"(Augerat:et al, No of trucks: 5, Optimal value: 669)",
		"vehicleCap":	200,
		"numCustomers":	36,
		"numVehicles":	3
	},
	"solveStatus":	{
		"code":	6,
		"erroredOut":	false,
		"containsPrimalSolution":	true,
		"closedProblem":	true,
		"resExhaustionAbortion":	false,
		"sigTermAbortion":	false
	},
	"timingInfo":	{
		"took":	5.246011,
		"tookRepr":	"5 seconds(s), 246 msec(s), 11 usec(s)",
		"started":	"Wed Jun  8 19:37:15 2022",
		"ended":	"Wed Jun  8 19:37:20 2022"
	},
	"bounds":	{
		"dual":	-0.0284028549554165,
		"primal":	-0.0284028549554165,
		"gap":	0
	},
	"tourInfo":	{
		"cost":	-0.02840285495540229,
		"profit":	272.0284028549554,
		"demand":	199,
		"route":	[0, 7, 4, 33, 13, 5, 6, 10, 2, 19, 20, 23, 17, 12, 1, 21]
	},
	"constants":	{
		"COST_TOLERANCE":	1e-06
	}
}