{
	"solverName":	"mip",
	"timeLimit":	30,
	"randomSeed":	8111,
	"cmdLineDefines":	["HEUR_PRICER_MODE", "APPLY_UPPER_CUTOFF", "NUM_THREADS"],
	"inputFile":	"data/BAP_Instances/last-10/CVRP-scaled-2.0/A/A-n37-k5/A-n37-k5-c496.vrp",
	"instanceInfo":	{
		"name":	"A-n37-k5-c496",
		"comment":	"(Augerat:et al, No of trucks: 5, Optimal value: 669)",
		"vehicleCap":	200,
		"numCustomers":	36,
		"numVehicles":	3
	},
	"solveStatus":	{
		"code":	12,
		"erroredOut":	false,
		"containsPrimalSolution":	true,
		"closedProblem":	false,
		"resExhaustionAbortion":	true,
		"sigTermAbortion":	false
	},
	"timingInfo":	{
		"took":	30.016593,
		"tookRepr":	"30 seconds(s), 16 msec(s), 593 usec(s)",
		"started":	"Wed Jun  8 19:37:14 2022",
		"ended":	"Wed Jun  8 19:37:45 2022"
	},
	"bounds":	{
		"dual":	-4.14853451102838,
		"primal":	-0.015167184185742144,
		"gap":	272.52041308209027
	},
	"tourInfo":	{
		"cost":	-0.015167184185827409,
		"profit":	374.01516718418583,
		"demand":	200,
		"route":	[0, 7, 4, 33, 5, 6, 2, 20, 23, 24, 9, 11, 27, 8, 25, 35, 18, 31, 32, 29]
	},
	"constants":	{
		"COST_TOLERANCE":	1e-06
	}
}