{
	"solverName":	"mip",
	"timeLimit":	30,
	"randomSeed":	8111,
	"cmdLineDefines":	["HEUR_PRICER_MODE", "APPLY_UPPER_CUTOFF", "NUM_THREADS"],
	"inputFile":	"data/BAP_Instances/last-10/CVRP-scaled-4.0/A/A-n37-k5/A-n37-k5-c888.vrp",
	"instanceInfo":	{
		"name":	"A-n37-k5-c888",
		"comment":	"(Augerat:et al, No of trucks: 5, Optimal value: 669)",
		"vehicleCap":	400,
		"numCustomers":	36,
		"numVehicles":	2
	},
	"solveStatus":	{
		"code":	6,
		"erroredOut":	false,
		"containsPrimalSolution":	true,
		"closedProblem":	true,
		"resExhaustionAbortion":	false,
		"sigTermAbortion":	false
	},
	"timingInfo":	{
		"took":	3.61607,
		"tookRepr":	"3 seconds(s), 616 msec(s), 70 usec(s)",
		"started":	"Wed Jun  8 19:52:41 2022",
		"ended":	"Wed Jun  8 19:52:44 2022"
	},
	"bounds":	{
		"dual":	-0.075539338913086951,
		"primal":	-0.075539338913088727,
		"gap":	-2.3515652408508112e-14
	},
	"tourInfo":	{
		"cost":	-0.07553933891313136,
		"profit":	505.07553933891313,
		"demand":	386,
		"route":	[0, 21, 16, 7, 4, 33, 13, 5, 6, 10, 2, 19, 20, 11, 27, 8, 9, 24, 23, 14, 17, 12, 1, 3, 25, 35, 18, 30, 26, 31, 28, 32, 29, 36, 34]
	},
	"constants":	{
		"COST_TOLERANCE":	1e-06
	}
}