{
	"solverName":	"mip",
	"timeLimit":	1200,
	"randomSeed":	8111,
	"cmdLineDefines":	["HEUR_PRICER_MODE", "APPLY_UPPER_CUTOFF"],
	"inputFile":	"data/BAP_Instances_Test/A-n37-k5/A-n37-k5-c249.vrp",
	"instanceInfo":	{
		"name":	"A-n37-k5-c249",
		"comment":	"(Augerat:et al, No of trucks: 5, Optimal value: 669)",
		"vehicleCap":	100,
		"numCustomers":	36,
		"numVehicles":	5
	},
	"solveStatus":	{
		"code":	6,
		"erroredOut":	false,
		"containsPrimalSolution":	true,
		"closedProblem":	true,
		"resExhaustionAbortion":	false,
		"sigTermAbortion":	false
	},
	"timingInfo":	{
		"took":	1.057508,
		"tookRepr":	"1 seconds(s), 57 msec(s), 508 usec(s)",
		"started":	"Wed May 25 22:31:20 2022",
		"ended":	"Wed May 25 22:31:21 2022"
	},
	"bounds":	{
		"dual":	-1.132517916864936,
		"primal":	-1.132517916864952,
		"gap":	-1.4116519761070597e-14
	},
	"tourInfo":	{
		"cost":	-1.13251791686497,
		"profit":	158.132517916865,
		"demand":	100,
		"route":	[0, 30, 25, 35, 18, 26, 31, 28, 32, 29, 34]
	},
	"constants":	{
		"COST_TOLERANCE":	1e-06
	}
}