{
	"solverName":	"mip",
	"timeLimit":	180,
	"randomSeed":	8111,
	"cmdLineDefines":	["HEUR_PRICER_MODE", "APPLY_UPPER_CUTOFF"],
	"inputFile":	"data/BAP_Instances/last-10/CVRP-scaled-1.0/A/A-n37-k6/A-n37-k6-c217.vrp",
	"instanceInfo":	{
		"name":	"A-n37-k6-c217",
		"comment":	"(Augerat:et al, No of trucks: 6, Optimal value: 949)",
		"vehicleCap":	100,
		"numCustomers":	36,
		"numVehicles":	6
	},
	"solveStatus":	{
		"code":	6,
		"erroredOut":	false,
		"containsPrimalSolution":	true,
		"closedProblem":	true,
		"resExhaustionAbortion":	false,
		"sigTermAbortion":	false
	},
	"timingInfo":	{
		"took":	2.580783,
		"tookRepr":	"2 seconds(s), 580 msec(s), 783 usec(s)",
		"started":	"Tue Jun  7 17:06:55 2022",
		"ended":	"Tue Jun  7 17:06:58 2022"
	},
	"bounds":	{
		"dual":	-0.245614035087609,
		"primal":	-0.245614035087609,
		"gap":	0
	},
	"tourInfo":	{
		"cost":	-0.245614035087641,
		"profit":	228.24561403508764,
		"demand":	100,
		"route":	[0, 9, 21, 28, 2, 5, 3, 1, 20]
	},
	"constants":	{
		"COST_TOLERANCE":	1e-06
	}
}