{
	"solverName":	"mip",
	"timeLimit":	30,
	"randomSeed":	8111,
	"cmdLineDefines":	["HEUR_PRICER_MODE", "APPLY_UPPER_CUTOFF", "AMORTIZED_FRACTIONAL_LABELING", "NUM_THREADS"],
	"inputFile":	"data/BAP_Instances/last-10/CVRP-scaled-1.0/A/A-n37-k6/A-n37-k6-c217.vrp",
	"instanceInfo":	{
		"name":	"A-n37-k6-c217",
		"comment":	"(Augerat:et al, No of trucks: 6, Optimal value: 949)",
		"vehicleCap":	100,
		"numCustomers":	36,
		"numVehicles":	6
	},
	"solveStatus":	{
		"code":	6,
		"erroredOut":	false,
		"containsPrimalSolution":	true,
		"closedProblem":	true,
		"resExhaustionAbortion":	false,
		"sigTermAbortion":	false
	},
	"timingInfo":	{
		"took":	10.549745,
		"tookRepr":	"10 seconds(s), 549 msec(s), 745 usec(s)",
		"started":	"Wed Jun  8 19:02:13 2022",
		"ended":	"Wed Jun  8 19:02:23 2022"
	},
	"bounds":	{
		"dual":	-0.24561403508760549,
		"primal":	-0.2456140350876197,
		"gap":	-5.7858479888360671e-14
	},
	"tourInfo":	{
		"cost":	-0.245614035087641,
		"profit":	228.24561403508764,
		"demand":	100,
		"route":	[0, 9, 21, 28, 2, 5, 3, 1, 20]
	},
	"constants":	{
		"COST_TOLERANCE":	1e-06
	}
}