{
	"solverName":	"mip",
	"timeLimit":	30,
	"randomSeed":	8111,
	"cmdLineDefines":	["HEUR_PRICER_MODE", "APPLY_UPPER_CUTOFF", "DISABLE_FRACTIONAL_SEPARATION", "NUM_THREADS"],
	"inputFile":	"data/BAP_Instances/last-10/CVRP-scaled-1.0/A/A-n37-k6/A-n37-k6-c217.vrp",
	"instanceInfo":	{
		"name":	"A-n37-k6-c217",
		"comment":	"(Augerat:et al, No of trucks: 6, Optimal value: 949)",
		"vehicleCap":	100,
		"numCustomers":	36,
		"numVehicles":	6
	},
	"solveStatus":	{
		"code":	12,
		"erroredOut":	false,
		"containsPrimalSolution":	true,
		"closedProblem":	false,
		"resExhaustionAbortion":	true,
		"sigTermAbortion":	false
	},
	"timingInfo":	{
		"took":	30.02624,
		"tookRepr":	"30 seconds(s), 26 msec(s), 240 usec(s)",
		"started":	"Wed Jun  8 19:02:15 2022",
		"ended":	"Wed Jun  8 19:02:45 2022"
	},
	"bounds":	{
		"dual":	-48.4748955915052,
		"primal":	-7.105427357601e-14,
		"gap":	484404765627.667
	},
	"tourInfo":	{
		"cost":	-5.6843418860808e-14,
		"profit":	172.00000000000006,
		"demand":	100,
		"route":	[0, 13, 30, 15, 32, 27]
	},
	"constants":	{
		"COST_TOLERANCE":	1e-06
	}
}