{
	"solverName":	"mip",
	"timeLimit":	1200,
	"randomSeed":	8111,
	"cmdLineDefines":	["HEUR_PRICER_MODE", "APPLY_UPPER_CUTOFF", "AMORTIZED_FRACTIONAL_LABELING"],
	"inputFile":	"data/BAP_Instances/last-10/CVRP-scaled-1.0/A/A-n37-k6/A-n37-k6-c217.vrp",
	"instanceInfo":	{
		"name":	"A-n37-k6-c217",
		"comment":	"(Augerat:et al, No of trucks: 6, Optimal value: 949)",
		"vehicleCap":	100,
		"numCustomers":	36,
		"numVehicles":	6
	},
	"solveStatus":	{
		"code":	6,
		"erroredOut":	false,
		"containsPrimalSolution":	true,
		"closedProblem":	true,
		"resExhaustionAbortion":	false,
		"sigTermAbortion":	false
	},
	"timingInfo":	{
		"took":	1.088647,
		"tookRepr":	"1 seconds(s), 88 msec(s), 647 usec(s)",
		"started":	"Sat Jun  4 23:22:04 2022",
		"ended":	"Sat Jun  4 23:22:05 2022"
	},
	"bounds":	{
		"dual":	-0.24561403508758062,
		"primal":	-0.24561403508758417,
		"gap":	-1.446461997209226e-14
	},
	"tourInfo":	{
		"cost":	-0.245614035087641,
		"profit":	228.24561403508764,
		"demand":	100,
		"route":	[0, 9, 21, 28, 2, 5, 3, 1, 20]
	},
	"constants":	{
		"COST_TOLERANCE":	1e-06
	}
}