{
	"solverName":	"mip",
	"timeLimit":	60,
	"randomSeed":	8111,
	"cmdLineDefines":	["HEUR_PRICER_MODE", "APPLY_UPPER_CUTOFF", "DISABLE_FRACTIONAL_SEPARATION", "NUM_THREADS"],
	"inputFile":	"data/BAP_Instances/last-10/CVRP-scaled-2.0/A/A-n37-k5/A-n37-k5-c488.vrp",
	"instanceInfo":	{
		"name":	"A-n37-k5-c488",
		"comment":	"(Augerat:et al, No of trucks: 5, Optimal value: 669)",
		"vehicleCap":	200,
		"numCustomers":	36,
		"numVehicles":	3
	},
	"solveStatus":	{
		"code":	6,
		"erroredOut":	false,
		"containsPrimalSolution":	true,
		"closedProblem":	true,
		"resExhaustionAbortion":	false,
		"sigTermAbortion":	false
	},
	"timingInfo":	{
		"took":	2.193445,
		"tookRepr":	"2 seconds(s), 193 msec(s), 445 usec(s)",
		"started":	"Wed Jun  8 23:10:31 2022",
		"ended":	"Wed Jun  8 23:10:33 2022"
	},
	"bounds":	{
		"dual":	-0.87105912119641,
		"primal":	-0.871059121196417,
		"gap":	-8.15722743024128e-15
	},
	"tourInfo":	{
		"cost":	-0.87105912119636741,
		"profit":	269.87105912119637,
		"demand":	196,
		"route":	[0, 1, 12, 17, 14, 23, 24, 9, 11, 27, 8, 25, 35, 18, 26, 31, 28, 32, 29, 36, 34]
	},
	"constants":	{
		"COST_TOLERANCE":	1e-06
	}
}