{
	"solverName":	"mip",
	"timeLimit":	30,
	"randomSeed":	8111,
	"cmdLineDefines":	["HEUR_PRICER_MODE", "APPLY_UPPER_CUTOFF", "NUM_THREADS"],
	"inputFile":	"data/BAP_Instances/last-10/CVRP-scaled-4.0/A/A-n37-k5/A-n37-k5-c999.vrp",
	"instanceInfo":	{
		"name":	"A-n37-k5-c999",
		"comment":	"(Augerat:et al, No of trucks: 5, Optimal value: 669)",
		"vehicleCap":	400,
		"numCustomers":	36,
		"numVehicles":	2
	},
	"solveStatus":	{
		"code":	6,
		"erroredOut":	false,
		"containsPrimalSolution":	true,
		"closedProblem":	true,
		"resExhaustionAbortion":	false,
		"sigTermAbortion":	false
	},
	"timingInfo":	{
		"took":	1.155502,
		"tookRepr":	"1 seconds(s), 155 msec(s), 502 usec(s)",
		"started":	"Wed Jun  8 19:52:43 2022",
		"ended":	"Wed Jun  8 19:52:44 2022"
	},
	"bounds":	{
		"dual":	-1.2660436087534155,
		"primal":	-1.2660436087534155,
		"gap":	0
	},
	"tourInfo":	{
		"cost":	-1.2660436087537619,
		"profit":	478.26604360875376,
		"demand":	388,
		"route":	[0, 3, 34, 36, 29, 32, 28, 31, 26, 30, 18, 35, 25, 8, 27, 11, 20, 19, 2, 6, 10, 12, 1, 22, 13, 5, 33, 4, 7, 16, 21]
	},
	"constants":	{
		"COST_TOLERANCE":	1e-06
	}
}