{
	"solverName":	"mip",
	"timeLimit":	1200,
	"randomSeed":	8111,
	"cmdLineDefines":	["HEUR_PRICER_MODE", "APPLY_UPPER_CUTOFF", "AMORTIZED_FRACTIONAL_LABELING"],
	"inputFile":	"data/BAP_Instances/last-10/CVRP-scaled-1.0/A/A-n37-k6/A-n37-k6-c245.vrp",
	"instanceInfo":	{
		"name":	"A-n37-k6-c245",
		"comment":	"(Augerat:et al, No of trucks: 6, Optimal value: 949)",
		"vehicleCap":	100,
		"numCustomers":	36,
		"numVehicles":	6
	},
	"solveStatus":	{
		"code":	6,
		"erroredOut":	false,
		"containsPrimalSolution":	true,
		"closedProblem":	true,
		"resExhaustionAbortion":	false,
		"sigTermAbortion":	false
	},
	"timingInfo":	{
		"took":	1.108712,
		"tookRepr":	"1 seconds(s), 108 msec(s), 712 usec(s)",
		"started":	"Sat Jun  4 23:22:03 2022",
		"ended":	"Sat Jun  4 23:22:04 2022"
	},
	"bounds":	{
		"dual":	-6.75015598972095e-14,
		"primal":	-6.75015598972095e-14,
		"gap":	0
	},
	"tourInfo":	{
		"cost":	-5.6843418860808e-14,
		"profit":	153.00000000000006,
		"demand":	87,
		"route":	[0, 6, 8, 5, 3, 1, 20, 14]
	},
	"constants":	{
		"COST_TOLERANCE":	1e-06
	}
}