{
	"solverName":	"mip",
	"timeLimit":	30,
	"randomSeed":	8111,
	"cmdLineDefines":	["HEUR_PRICER_MODE", "APPLY_UPPER_CUTOFF", "AMORTIZED_FRACTIONAL_LABELING", "NUM_THREADS"],
	"inputFile":	"data/BAP_Instances/last-10/CVRP-scaled-1.0/A/A-n37-k6/A-n37-k6-c244.vrp",
	"instanceInfo":	{
		"name":	"A-n37-k6-c244",
		"comment":	"(Augerat:et al, No of trucks: 6, Optimal value: 949)",
		"vehicleCap":	100,
		"numCustomers":	36,
		"numVehicles":	6
	},
	"solveStatus":	{
		"code":	6,
		"erroredOut":	false,
		"containsPrimalSolution":	true,
		"closedProblem":	true,
		"resExhaustionAbortion":	false,
		"sigTermAbortion":	false
	},
	"timingInfo":	{
		"took":	7.216664,
		"tookRepr":	"7 seconds(s), 216 msec(s), 664 usec(s)",
		"started":	"Wed Jun  8 19:02:24 2022",
		"ended":	"Wed Jun  8 19:02:31 2022"
	},
	"bounds":	{
		"dual":	-6.75015598972095e-14,
		"primal":	-6.75015598972095e-14,
		"gap":	0
	},
	"tourInfo":	{
		"cost":	-7.105427357601e-14,
		"profit":	97.000000000000071,
		"demand":	99,
		"route":	[0, 14, 7, 16, 24, 29, 36]
	},
	"constants":	{
		"COST_TOLERANCE":	1e-06
	}
}