{
	"solverName":	"mip",
	"timeLimit":	60,
	"randomSeed":	8111,
	"cmdLineDefines":	["HEUR_PRICER_MODE", "APPLY_UPPER_CUTOFF", "DISABLE_FRACTIONAL_SEPARATION", "NUM_THREADS"],
	"inputFile":	"data/BAP_Instances/last-10/CVRP-scaled-1.0/A/A-n37-k6/A-n37-k6-c244.vrp",
	"instanceInfo":	{
		"name":	"A-n37-k6-c244",
		"comment":	"(Augerat:et al, No of trucks: 6, Optimal value: 949)",
		"vehicleCap":	100,
		"numCustomers":	36,
		"numVehicles":	6
	},
	"solveStatus":	{
		"code":	12,
		"erroredOut":	false,
		"containsPrimalSolution":	true,
		"closedProblem":	false,
		"resExhaustionAbortion":	true,
		"sigTermAbortion":	false
	},
	"timingInfo":	{
		"took":	60.03982,
		"tookRepr":	"1 minutes(s), 39 msec(s), 820 usec(s)",
		"started":	"Wed Jun  8 22:05:13 2022",
		"ended":	"Wed Jun  8 22:06:13 2022"
	},
	"bounds":	{
		"dual":	-44.085271168380039,
		"primal":	-6.75015598972095e-14,
		"gap":	440555329963.86383
	},
	"tourInfo":	{
		"cost":	-7.105427357601e-14,
		"profit":	97.000000000000071,
		"demand":	99,
		"route":	[0, 14, 7, 16, 24, 29, 36]
	},
	"constants":	{
		"COST_TOLERANCE":	1e-06
	}
}