{
	"solverName":	"mip",
	"timeLimit":	180,
	"randomSeed":	8111,
	"cmdLineDefines":	["HEUR_PRICER_MODE", "APPLY_UPPER_CUTOFF", "AMORTIZED_FRACTIONAL_LABELING"],
	"inputFile":	"data/BAP_Instances/last-10/CVRP-scaled-1.0/A/A-n37-k6/A-n37-k6-c244.vrp",
	"instanceInfo":	{
		"name":	"A-n37-k6-c244",
		"comment":	"(Augerat:et al, No of trucks: 6, Optimal value: 949)",
		"vehicleCap":	100,
		"numCustomers":	36,
		"numVehicles":	6
	},
	"solveStatus":	{
		"code":	6,
		"erroredOut":	false,
		"containsPrimalSolution":	true,
		"closedProblem":	true,
		"resExhaustionAbortion":	false,
		"sigTermAbortion":	false
	},
	"timingInfo":	{
		"took":	1.01579,
		"tookRepr":	"1 seconds(s), 15 msec(s), 790 usec(s)",
		"started":	"Tue Jun  7 17:10:29 2022",
		"ended":	"Tue Jun  7 17:10:30 2022"
	},
	"bounds":	{
		"dual":	-1.2434497875801753e-13,
		"primal":	-1.27897692436818e-13,
		"gap":	-3.5481756440281833e-05
	},
	"tourInfo":	{
		"cost":	-1.4210854715202e-13,
		"profit":	220.00000000000014,
		"demand":	97,
		"route":	[0, 26, 22, 12, 11, 30, 32]
	},
	"constants":	{
		"COST_TOLERANCE":	1e-06
	}
}