{
	"solverName":	"mip",
	"timeLimit":	1200,
	"randomSeed":	8111,
	"cmdLineDefines":	["HEUR_PRICER_MODE", "APPLY_UPPER_CUTOFF", "AMORTIZED_FRACTIONAL_LABELING"],
	"inputFile":	"data/BAP_Instances/last-10/CVRP-scaled-1.0/A/A-n37-k5/A-n37-k5-c312.vrp",
	"instanceInfo":	{
		"name":	"A-n37-k5-c312",
		"comment":	"(Augerat:et al, No of trucks: 5, Optimal value: 669)",
		"vehicleCap":	100,
		"numCustomers":	36,
		"numVehicles":	5
	},
	"solveStatus":	{
		"code":	6,
		"erroredOut":	false,
		"containsPrimalSolution":	true,
		"closedProblem":	true,
		"resExhaustionAbortion":	false,
		"sigTermAbortion":	false
	},
	"timingInfo":	{
		"took":	0.752191,
		"tookRepr":	"752 msec(s), 191 usec(s)",
		"started":	"Sun Jun  5 01:34:28 2022",
		"ended":	"Sun Jun  5 01:34:29 2022"
	},
	"bounds":	{
		"dual":	-3.9968028886505635e-14,
		"primal":	-3.9968028886505635e-14,
		"gap":	0
	},
	"tourInfo":	{
		"cost":	-2.8421709430404e-14,
		"profit":	179,
		"demand":	100,
		"route":	[0, 12, 10, 6, 5, 33, 13, 22]
	},
	"constants":	{
		"COST_TOLERANCE":	1e-06
	}
}