{
	"solverName":	"mip",
	"timeLimit":	30,
	"randomSeed":	8111,
	"cmdLineDefines":	["HEUR_PRICER_MODE", "APPLY_UPPER_CUTOFF", "DISABLE_FRACTIONAL_SEPARATION", "NUM_THREADS"],
	"inputFile":	"data/BAP_Instances/last-10/CVRP-scaled-1.0/A/A-n37-k6/A-n37-k6-c236.vrp",
	"instanceInfo":	{
		"name":	"A-n37-k6-c236",
		"comment":	"(Augerat:et al, No of trucks: 6, Optimal value: 949)",
		"vehicleCap":	100,
		"numCustomers":	36,
		"numVehicles":	6
	},
	"solveStatus":	{
		"code":	12,
		"erroredOut":	false,
		"containsPrimalSolution":	true,
		"closedProblem":	false,
		"resExhaustionAbortion":	true,
		"sigTermAbortion":	false
	},
	"timingInfo":	{
		"took":	30.010465,
		"tookRepr":	"30 seconds(s), 10 msec(s), 465 usec(s)",
		"started":	"Wed Jun  8 19:02:05 2022",
		"ended":	"Wed Jun  8 19:02:35 2022"
	},
	"bounds":	{
		"dual":	-50.720587648665138,
		"primal":	-0.0018136428572148589,
		"gap":	27965.13713134297
	},
	"tourInfo":	{
		"cost":	-0.0018136428572148589,
		"profit":	97.0018136428572,
		"demand":	99,
		"route":	[0, 14, 7, 16, 24, 29, 36]
	},
	"constants":	{
		"COST_TOLERANCE":	1e-06
	}
}