{
	"solverName":	"mip",
	"timeLimit":	60,
	"randomSeed":	8111,
	"cmdLineDefines":	["HEUR_PRICER_MODE", "APPLY_UPPER_CUTOFF", "AMORTIZED_FRACTIONAL_LABELING", "NUM_THREADS"],
	"inputFile":	"data/BAP_Instances/last-10/CVRP-scaled-1.0/A/A-n37-k6/A-n37-k6-c236.vrp",
	"instanceInfo":	{
		"name":	"A-n37-k6-c236",
		"comment":	"(Augerat:et al, No of trucks: 6, Optimal value: 949)",
		"vehicleCap":	100,
		"numCustomers":	36,
		"numVehicles":	6
	},
	"solveStatus":	{
		"code":	6,
		"erroredOut":	false,
		"containsPrimalSolution":	true,
		"closedProblem":	true,
		"resExhaustionAbortion":	false,
		"sigTermAbortion":	false
	},
	"timingInfo":	{
		"took":	8.031392,
		"tookRepr":	"8 seconds(s), 31 msec(s), 392 usec(s)",
		"started":	"Wed Jun  8 22:04:48 2022",
		"ended":	"Wed Jun  8 22:04:56 2022"
	},
	"bounds":	{
		"dual":	-1.1758509642856705,
		"primal":	-1.1758509642856794,
		"gap":	-7.5534948441714463e-15
	},
	"tourInfo":	{
		"cost":	-1.1758509642856723,
		"profit":	170.17585096428567,
		"demand":	100,
		"route":	[0, 14, 31, 19, 1, 3, 5, 8, 20]
	},
	"constants":	{
		"COST_TOLERANCE":	1e-06
	}
}