{
	"solverName":	"mip",
	"timeLimit":	60,
	"randomSeed":	8111,
	"cmdLineDefines":	["HEUR_PRICER_MODE", "APPLY_UPPER_CUTOFF", "AMORTIZED_FRACTIONAL_LABELING", "NUM_THREADS"],
	"inputFile":	"data/BAP_Instances/last-10/CVRP-scaled-4.0/A/A-n37-k5/A-n37-k5-c896.vrp",
	"instanceInfo":	{
		"name":	"A-n37-k5-c896",
		"comment":	"(Augerat:et al, No of trucks: 5, Optimal value: 669)",
		"vehicleCap":	400,
		"numCustomers":	36,
		"numVehicles":	2
	},
	"solveStatus":	{
		"code":	6,
		"erroredOut":	false,
		"containsPrimalSolution":	true,
		"closedProblem":	true,
		"resExhaustionAbortion":	false,
		"sigTermAbortion":	false
	},
	"timingInfo":	{
		"took":	0.249127,
		"tookRepr":	"249 msec(s), 127 usec(s)",
		"started":	"Wed Jun  8 23:37:57 2022",
		"ended":	"Wed Jun  8 23:37:57 2022"
	},
	"bounds":	{
		"dual":	-0.686666666666535,
		"primal":	-0.686666666666535,
		"gap":	0
	},
	"tourInfo":	{
		"cost":	-0.68666666666655374,
		"profit":	398.68666666666655,
		"demand":	314,
		"route":	[0, 21, 16, 7, 4, 33, 22, 13, 5, 6, 10, 2, 12, 1, 3, 25, 35, 18, 30, 26, 31, 28, 32, 29, 36, 34]
	},
	"constants":	{
		"COST_TOLERANCE":	1e-06
	}
}