3,BAC MIP Pricer (EFL),BAC MIP Pricer (AFL),BAC MIP Pricer (NFL)
0:d9f361f5f2d514859bdb4b3969bcce68949c6732017029178fea9df854e2a096,10,10,10
0:5c8474b58b0020d76c848149ca58a4fa6196c9cc890812985033b28bdf52719c,10,10,10
0:e2b2a11183af0fae177c22950d8fe93a89db7afe7afda2a372e2b4c10119b837,10,10,10
0:379e792440c65a5a7650eb7f0b3cbfa1e93d94773361599b0c2434d78c44b3d8,10,10,10
0:93cef61f2245f65ce23290d77fc32098e73a2a69e110f7519ca2f505763ea6a6,10,10,10
0:9772d1bb1f405b009668b0cafeeadf263e7fcdb535906a2c961bd3e1d7087355,10,10,10
0:d1cc48ffb759c6fe850589dac51436df5605c85810f15d7b2912f57901f82b9d,10,10,10
0:b61e6c4cfb3387568a080d5bb9602ea2a013ab1a8b957d54270cdb1a8fb154a7,10,10,10
0:977b21fb2233fe2cb186437e65d17684fc1865740a091527db2542caf681ea9a,10,10,10
0:82c2912e30544d3f97416772a53f0b1cd4b83cceccd7ee262b98f639ca0faf29,10,10,10
0:2788575bc83fa1b04e1bcab9efc454f88df535dca69bb6352afb669a936c6c61,10,10,10
0:8e93b2a77dd55e097069d7256a0812618490acba5ffcdaa86c489b46aef76e33,10,10,10
0:3cb9860921ffd149cf23542f0a0f3dd28495a23e310f43113fbac364554ab171,10,10,10
0:0c0d602cb102c90c69da01157225c6300c2da9d7dfd9127238df5bb9c250dfb0,10,10,10
0:28ea7765b40fa0f20cd7c75dd47d13d6a28466474da81ef3c13b30aeb9428e36,10,10,10
0:cca38e176516126e4e83f477c35d609e608ff01b6958899c63806d1ff35554b2,10,10,10
0:ba5d09e3c333922d8abf5af5fdc68e04efed12f20c02127183250e2e2ca7143d,10,10,10
0:165b63c65251cdc23ee247ab5bcd73a55d02a14be03eca5fefe30340df110ea0,10,10,10
0:e45fb526bd1938f5785d15687b3009b4f5c8ab2a9e73386f0736161a2b040672,10,10,10
0:9a9a030d62323557ee0831ee9bf70cc7420b7adda3b00be81d4c33771df4bf27,10,10,10
0:39fb13245c779f7fa521e4582d3ff8daa34c83a37e7406c2beed4ae5ed57e044,10,10,10
0:09f9ed3395c30ef9fd0ef30773f1f46f328ba4d48c538acd080db32933407706,10,10,10
0:ac9528273924dae1c51397212afdb1e1578f01ff2e2542acd8f813a132dd4587,10,10,10
0:8a10cdcc03307a5e0146018abbfd3ea6d32aca2cce6bf2cafda3cb33210dcd76,10,10,10
0:2be49df95d7b0b4db88bd82d9447baf9c76422a8af2b80f0e3789a36ba2777cf,10,10,10
0:4ec4c1eb6b80635655365a3d77285d40f772403eaae03ce60b907cb9e83247fd,10,10,10
0:ec8e6a46bb298d8fa5a77ee1af99db5614108834b1a302f47d11872f413002d7,10,10,10
0:3eba89ff1853a346f96ba9ebaae70bade614c70b9066f46eab890b59c79a074f,10,10,10
0:35b362b05564c9fd7b41726b8b487f0032e57ceb7896cf1b64f58712e989f9e9,10,10,10
0:14bdf8689b5908514afa83cdda8e0d640ea9f48f3ed8717b22f4cd2e25b187e7,10,10,10
0:d0757e7f05a3a71a545adac28460168b5469a2d45ca97afc1960f94793a88b71,10,10,10
0:74486cd18c7ee20088fe3749843dd3d5977a4d0305b824f8b42328d62c98f395,10,10,10
0:4008f001f4dd0d5979bbc13ccc77f8fa39f1c08fac9a44dced14be69661e705f,10,10,10
0:b92b888de7efc2b615560580c7242f9be6e7ccb60311740e8ab11c503ff08e46,10,10,10
0:1104e34368a81c98701409a33918cae0df7988ea0d3c2a9bc0af4d3325a37475,10,10,10
0:340a604b16f43ba874ea12c9b509580e1364f3ca82218e46232c5b01297287c8,10,10,10
0:53c7c1e2227eab1eb2e80d7418560abee8ccbe3cbb87b9f2017152c8799bb49b,10,10,10
0:5595952ef43d56ad327fdbfaf345e938c0430c8f700e650cc53247360d7b67b9,10,10,10
0:f42ad1464c8e927dd6e50287353e7acd482bf6b8f1edc326be82859d05236cfc,10,10,10
0:039687b10af538bdfcbb29fea311f83b094b537c789748ebf0b8a87497a26df8,10,10,10
0:bcf7ac792b64849e68dc22ab553623b7350ea3d2149ac703afb41222fcd68d69,10,10,10
0:badc65f113297aab601353f52ffa5f14e0ea33c876650bc4c0f89d1a494cd332,10,10,10
0:b47d2d727523d0538665ae98d88ca1faaf8bb902e3f3a832a1bbce70a6e1e945,10,10,10
0:0eb8ddf0afdde58cbd04a331ee90609ac4719a526bb98aaaa4b68ac0efe2ba99,10,10,10
0:e7d09ffe21e684d415ca18c2d135d74a54074bdfe9863f930e279da358afcb16,10,10,10
0:f68c0c44e69b5cfea08f93bbe08808f18e5a833430732a86c4703aa2d15e3085,10,10,10
0:f44be4f2646b44af306e0fb0341d9003bf16c32fd01c7a46f07028bc1e1a5641,10,10,10
0:fc7b8f5e07e0db99c0d02f06691c3248a94a9df7265c985994624789a80be973,10,10,10
0:ee05b3628b4949c6b227a7b5f4762df7aa43d0b1fc11df15ad31d6eac3a83684,10,10,10
0:d6d99d0b06551eb04c47effebce6732bf459566d97a14c83cb7e13158a446b5c,10,10,10
0:f5d10527342eb67c7eb0581ce6a29eaf418f7966ca7cfaf9d1d9adc3bdfcabbe,10,10,10
0:98bc5b26a7efc765c73b50213f0388051e708b55fb56d66ee3034a88b23ad521,10,10,10
0:381a2ba9437cf488d7fca718f39cdc8b8944fa739ed3da774df954172761e644,10,10,10
0:94e587fe6c184d7c917266b6477899be2a9b80be23b1eb203ed8d96efc6c22e6,10,10,10
0:b4bbde41ac7e7f627560a8ac21af42c2f46a595decf610f6d1d533a6d53310b8,10,10,10
0:08db1b024f5ae578c8551732f44fa4489ed4ff948c0d2b90936eef59f2ceec87,10,10,10
0:0f800f9eae16bdcb036f276f3adfb09d7daa9cf5a10a2dd757c41289eb047a3c,10,10,10
0:0ca06218e82a5f7c0420a365d6e8df6a04ff35a243a6733975368543758b72b4,10,10,10
0:033c2a2b29299aaa307112641e42635affe3045651c41ed1b2bad29c3e1d7506,10,10,10
0:5cc80c2bd60ee1db1732281473c2ee890ed64f96b66f914ba39173006e837ef8,10,10,10
0:ecea9a13bc8aee39fffb7e851fad182b9c3383654cb6b0f92470e1b4e1952ffe,10,-0.01663029514829617,10
0:c0b618b2709823b42970c3d9b4a797ae4bda034ee4e6c64031a3d234a7a65ef5,10,-0.058054958563683812,10
0:ba33f140e0fdc06dedcbead062d2fa51bd3862728f7cd0137aeada23e87e3b3b,10,1,10
0:6357736384e5f6797b3ddfab1714d6cd2ee499ce14d5776705f2dc9fb307b056,10,-0.049961460901691623,10
0:1c941972d15e3f3c0c6f6d173c6561f9a09cae6ea719a8af39aff4e79b7ca845,10,-0.49381187910149299,10
0:c20fee8ad1558011aaca06b632aaf5448440e00949ed411b730c113919872025,10,-0.16183195010736995,10
0:d0e97cd63a87eb3dc901ee4d400642feb2b281eee85c50558123924283fc0391,10,-0.51595760939088098,10
0:2d9e26026e5f47faef69220a0e01d83e8704688c0eef01a6eaa76d02c0ada7ae,10,10,10
0:6ee7c39c2c6a8969ceb2bbdd912ff811009a2389884d322df066ab93e99e9f60,10,-0.46217512154536422,10
0:3a93975d479d5258f4996a0dee4ed4558eccac36060385785a84f963c38c0edd,10,-1.00000000000005,10
0:abbcdc39514bb3160ec8fba8b3ac3d1a8154ee63af58e5b5fb84bb14ff82c423,-0.093454545453688795,-0.093454545454537893,10
0:7ab760e0dc0f3db7bc9643502cc83c5296fca1de829f278ca88fe00686b5f049,10,1,10
0:8364333de57dc0bcb258af7c343aa2368e0de73083fb239341bd2085431978f8,10,-0.038690181818129332,10
0:9551f09b5a64997f417043b3d4f9efd3c768b6f0e90987fe8f3e4db6fbfe58f9,1,1,10
0:a34b87ac74d48b28a60215fbe4594d270091d5b0e9691369e1b0b10e4ed1f0f7,10,1,10
0:8a5482c3d7c8caf631c12bbabb0db428f94851f426c843c3a03755ef079b825a,1,1,10
0:1be7fac35e6cef86f463325cb0bd3e7a5bd4ed9c6e22012a679e63fd5e9340a2,10,1,10
0:325bcb72fd5d968ba30f270844dcf4c8eb359465a3417261b5d7cc8091683a04,-0.1818181818182012,-0.1818181818182012,10
0:e55ac561ebfcc8cd5a69923ac38335fa6b893b4dc8ee69049b704dfa569b1ca6,10,1,10
0:fbb7e3ba88ffb9832ba55af44b39f3fb5068ee98ce9f083c5e722bca2c3cfe59,10,1,10
0:793c5b2f667a7700549976dd227b06f857934bae255acd785dcf48f51b20b729,10,10,10
0:f13c9dfd3c8eea7025c4fc98ede95cb2b83b01d25ee69cef225f1004332c49a9,10,10,10
0:6d14b7dc31f43e93fbb74cc9972a8b98d54891ac30adbfc87a98b2c4b1246169,10,10,10
0:13b238d65787a6d0e08590f1e51d5c45968ee932d5f38dc0e25592e36b92138f,10,10,10
0:068f24fdd9deef2fe546bb08368af5065654310157c5d23d215185cff2c54195,10,10,10
0:3d42d918178e1f6cb73a7114812f996c46a425a69cd469e677093bdc93b938ef,10,10,10
0:c4d87640861a404b7f0a44e55d6b285f800da8f5fb1fae7e19b92d61ae9797ae,10,10,10
0:bdcd31428f69dd1f11b4068b3784917c92e681fc607c29a03b5ee88d42ce845b,10,10,10
0:96469f5bea4e7b4ce81a387a68eeba7cc37437118df02910d576ef5734ce3aed,10,10,10
0:8c8b3fa1dacfbd02f821b92f8925677692477d2070c00492de0c326009e49098,10,10,10
0:d7a0bc6df95205ca9cf1ad03b1b031ea04d26b0ea4debfba88941baa5159b9aa,10,10,10
0:9701cd9218e247276767840504f2ed20d958a7464f3463a901702911d692af28,10,10,10
0:563e31195873339b4c1203d12dace4eb77f44d47401295b9e9fb0b8656d4df01,10,10,10
0:b8a2d91bcba98fe45a19da82674e95a2da985ccdb7a07384a33b01f361ae2086,10,10,10
0:a00cf12f71c051087fa1c6f79b5b5ccb187ce7580d8b6d21d6b7c9f506175658,10,10,10
0:fa5b6ae0b06010fd3c0fe755583048689e33f820ddd7eb2238f0fe843601b0d6,10,10,10
0:1fa8a92b7f85d6dd6780afd344b14b0160f9231ac193e4edf2d0bcc26871b0b6,10,10,10
0:0167e11e8a1d8ef41082551efed3a3ba8b4399c80efd685bb50103a6601399a1,10,10,10
0:91eb4ce709d241f76e3f8992ce3b90f685425d872b9d0e3ef598b1ceda6bea01,10,10,10
0:425d49144142b89dd4ffb930f2938e51083a6ebde79ae71ed74c69f97e00d3b5,10,10,10
0:89c54825088c43c109c8f0dac987a7475e27f5c889e2c7fcfed408ab593f02ba,10,10,10
0:5b8a675f581686a666c1f0b1d3109a4d19394671b651122f41738fb79bf13203,10,10,10
0:76a4df7c7b89fd27209e38c95b97e309e275030279aa651e9cf83073854c0aa0,10,10,10
0:58ec2418a053137375194cdaf0b509fcc03261bd42c52c7f6d838461a2fd3379,10,10,10
0:b4a68bef438d70852b978bd861f8fab0b53c7ecdd7075828d7bfa5027c531692,10,10,10
0:d0ea01213bcae4d0ccd89eb6412383fd46290a5237c1c5fe2208e5cee2619f0f,10,10,10
0:0e6aa1c2afa12236787810a86377bcb2b70cfe368d81453633faccd8e1d41706,10,10,10
0:96ed48bae00c3e9dc92f7fe3907a73f9a4086d78c730a3dbcf12001229c3cd8b,10,10,10
0:dfa53ad35b4bd02ed62e769191d3513520034056a42c2595afc535486c70a62a,10,10,10
0:1d97a375787e82e6e1a1bc7059499c132a3d043c18737fc40afed2c47142d53d,10,10,10
0:9ebb039d797c3cbbe73bb130ea12acf4241f2c670d92167d65e1946451e93bfe,10,10,10
0:cc8400dd2f5c46c9ac9e38800706ef07b0e0437e7287d1ce89fce97976c19fac,10,10,10
0:3379f9e1b9eede270fe1fd48f4ac88630b07edef83a3fd804ef50882fedc5b52,10,10,10
0:050a359667b31db182ae114080d53e683db6a19215a5fd1a3580d83809756c82,10,10,10
0:ecb79865572877741d7fa7e318c39c4d2a7ba55d79e57560f76f47952eb3dc2d,10,10,10
0:69ee4b074ad8cc80c6f40fef5fbd5d859283cee499094f4e67b9cfac667df037,10,10,10
0:40d28ce72393a4450483dc4782a00f8ff3de1ec56b8dd6b11d5efe2dee04329e,10,10,10
0:efca267e2e2981b05fc6d54238e577f76fdcf6a3832675a913b83680d95a6c40,10,10,10
0:97b132a9e185ffc7ec0988a87e8fea698e8ce867ba9ae9b3fc2b9ade788c9b14,10,10,10
0:9766480079b789df2ff267fb422030e4f9ea29e375e245f5d93f74aeb06fd803,10,10,10
0:4f7220ac1b436ae4cdd6d799a0789482e689464d0771f017d84f0f52c7af4e13,10,10,10
0:a90795697be968e0a5186fbc188875350079a81a77733bb0b3229f529625255d,10,10,10
0:9a3589108f66718bc9e1f02e57dbe4a4848de9a18f99af46b5bc30e668a4c698,10,10,10
0:c47cecb497d37f973cb6bbf1b1a72fc57c42a0e8028e446cdd319795a9010f51,10,10,10
0:9525f4e2af0b363abafb127855585b2ddef81a203aab4417204d40abb069f74f,10,10,10
0:bca345709ad325d4514ef2d7872268094cb6f43be250cf72615ef319b336e506,10,10,10
0:813699dd16ab7d0fa88f6c1eb31aaa08029c725b25463435e44aff63276a2695,10,10,10
0:2e2bdb620b67ddc5f1c9ab598903664fd488c9d718d5df760b1121c427f972ab,10,10,10
0:602583ae895f04db9678db723089065645cad5f4997e0019751daa52d13b4b07,10,10,10
0:40b6b529afe1db5c8e06956a516be0119961985b9562eacad3c503b4bd037765,10,10,10
0:7b21cba34b17651f78b0121e6c99f3939f15ea2cd7e11cf2679e18edc2c747e1,-2.9999999999999645,-2.9999999999999645,-2.9999999999999645
0:6f2f5531b48f3034302f0f654c96d1726bafe10be8533f04849e385046118c0b,1,1,1
0:2ca97d240c31ae9fe2f486fde9d4748952ffd402be3ec22b3ca77369ea2466c6,-0.0082392491422282905,-0.0082392491422353942,-0.008239249142249605
0:47de25a2fb67fe4a3aeed8043541629fee2d68202e7b96ab85ddf40c24436cc6,10,10,-0.22222222222225341
0:ff49730f9d325737d48c3e423175845bfe61c44b56ad8fe05979897fded299c4,-0.40835879048083257,10,-0.40835879048082546
0:2f07392bf6f81d22bb47ac0b1258c5a9fbc6bfd4dc71080a022285ed7656d00d,10,-0.17777777777778425,-0.17777777777778425
0:5d6858fb5381b500366903f2dbdfd5ef4ff7af0a6578c73d9a66c386b7af9bd7,10,1,1
0:9e7676647e47dbcad5d51994011f76fa2889071b68fb9b8143ae0297bc5e0a6d,10,-0.93068284129284251,-0.93068284129284251
0:e76168dc58aca60ee201375c4d04ec4dbd6e178905e1d9c67c9c825ee3458f4f,10,-0.074747596005139597,-0.074747596005153127
0:002ac63c6d48937a82e1bd59de5e92192f57fc3cb0fda226431d1029abfd3491,10,-0.066666666666513663,-0.066666666666513663
0:52e7c15fd88ad31d89d84114bfcb629da1e62ed63e5fe2aa5cef68e799df9d78,10,1,10
0:036bf6befc2a063497ed4509060bc083879b2f9ea5049ae4f009efb7f14eb53e,10,-0.088616239276769995,10
0:5e6f8cc53351124a2552fe3544e401cd36240695ebd3972be9c9affef7476bae,10,10,10
0:40893a5f07784c4ee567e30893a3dc7b54ba5b1c87a5cf8d31fd02766193ce54,10,-0.022760352172467968,10
0:6802023c5fd181809b16970f734989eeb8103feae574582a1f9f3a5906dc03b7,10,10,10
0:ce354bca442e10dd2ff9577935c54398bfb164966b0dda0fa919143083842ca9,10,-0.080876558088301742,10
0:fc8f43b0be6c4ae2f665dd132c33a18a6f5ce6dcaabe456fcd73c08e45e8f533,10,-0.17175961538470075,10
0:2c4857f07601a36e698c3aa0f07ca1c71e7ed2c2e1f3a3b72b4f4e6797eddce7,10,10,10
0:71cb14bb14a8005d11ec876094b7e60f7b240d4594cf6947fa954b914a7f2708,10,10,10
0:052a4a12e9f304a62fa244c0fc4f6b317caed62b856afe1f9260ed736f393a7e,10,1,10
0:a1a6c42858695914367c73a82b5c8b3d39ffb0b4036a3ea90038ba6e607b98d0,10,10,10
0:b6a01f9db52f574ae7ec06d2bf55a51a15de2124297dc717784b9c9ffe580824,10,10,10
0:10c8097f820f218bb87290432c4088290e64c4bd5eed2e3b947bcc705b74bd56,10,10,10
0:5ad7fc7548b9fa4d449e0383e904a21821f6619b21096708e94de65f37f92d91,10,10,10
0:3c4ec507c471e6d30a374e75b2cf7a5b54f6b26c54de27b24c5a8b11e11218bd,10,10,10
0:72ae94048a5ea235701c4e7dcac20911e5bf7e96fb69dc7425ba5944b7c9d26e,10,10,10
0:abdf92070c51c274d0deece73cf9739c300e83b926fa6fdde5f5ff54d63288aa,10,10,10
0:244dcd9fba58e52d71829e7b62e6f290d6b286d4d2deca7693f981fba6fdc22b,10,10,10
0:c288fac8f398396c902e3900f98ab66b1955c04bde1127df87e233d40c56b444,10,10,10
0:747de68c871cfbc7edd8bface6cf785105b8c73b6730265ecaf1a2ea1c811efd,10,10,10
0:265f0b39722794c526f0834df434ce20795f5e982cd43d5d7a52805a1b20477c,10,10,10
0:33f506e55b43c8d92deb8614476f2ec734916bb66ce7f8af984b8e74473e6129,10,10,10
0:d22c2a47c3968f6f4084a14e649bc2d6dda4041a59d25edfc4d16fe39495d47c,10,10,10
0:dbab37c94aff13b8dc2a76e02bd9d0465d6fe3fcfead69fef39e5391c5d2df75,10,10,10
0:15cd7026d42d69c51366af9ea50ad0e6b7d7689ffbf95317a80ff5e60b5dfa03,10,10,10
0:382ed28e97e77a9a6375feff715ec3b0c2494dee48477e95968bb10225a158ff,10,10,10
0:909cfb3adb350b7e2f2f5a243b8f9d8e89e3470c17093a9bf4695a6be61ffc5f,10,10,10
0:e6ec7bd57eac98f82718663af6374e55dce150b8a85b6fac79dbaa4f7379ddef,10,10,10
0:b101aac44644b40eb2500d20d7fb03ae9b75de93a346e19b27ebf93fd267e5b7,10,10,10
0:40c52a085208bc7644552bb16610cc8309f18160abb6760c4679ab18a3410a9f,10,10,10
0:84d203ba6827ca0a655df879b0f3312c3456e9ae622a39c4cf0bbea467cdad27,10,-1.05252863234146,-1.0525286323414278
0:b1ff7a41cba5b9af17d3442549db6212ce9f1f233dba46f6bc6691390f1ddd9c,10,1,1
0:800c9ee1487865dff7f41ca9bfb1ab2ecc07d959376c6b4db75b66216b2e518f,10,-1.3140877352580915,-1.3140877352580151
0:fddaff404bb51e7c51e079ce1b543c9206734099ec5a9a5881d7d0de72df810e,10,-0.021057979235230562,-0.021057979235166613
0:aaef15ed64a7516d4be559db1b29b9ac94c552a0927da085c1d262b5bab71d06,-0.27706428842206066,-0.2770642884220571,-0.27706428842206066
0:bf8f15059a79b4e7d52895b9265d68269bb815506dcf2df34641e2e5d8ae841e,10,-0.5670323534105286,-0.56703235341052149
0:b8a526b6b3e3c796fea6cc85081964b3cacb8495eedd27d21d37ce345a495fd3,10,-0.70253717903985624,-0.70253717903985624
0:a892bc34a0304df780c8fa5e81f1b25e6738279e8343d7054751d3c96e2691c6,10,-0.53307059760892628,-0.53307059760894049
0:8d6d59c5f09bf57585cf2afe4fd16684cc855d21a2e5281fab5c711a28468750,10,-0.94117125137616497,-0.94117125137616497
0:d097a53c41477bd68ed729eae0e5fcdecc4203529fbec859a50a18c70e0565e2,10,-0.53306540237765176,-0.53306540237749633
0:2628be09b3f098fe41d3f5d96e807e2ecb573737040d3cb11ee0caff628597ba,10,10,10
0:babe6cc568454479184d025ea816e2a37b83b7d1ca87967cea3a3d45d0d70bf1,10,-3.2906403940886655,10
0:ed5a1a282db2b223adb7d41dac46d4ad8505fa26fe46f41dc0cfad72f54b8ac5,10,10,10
0:915fd7da6d52a5038a5424225ac188484f23022bbeee419397f061f884fec991,10,10,10
0:b44fc10f4faa4ced0936fa33bc421549157cee26d8f1bdb77e3ab26fe01efe7c,10,10,10
0:d2a48480753b2c8405b226e5f62d92351952a9e7d97eb9c78fcf0feedd1bbefd,10,10,10
0:553fad484cd10b74ec8c961a5402f47449c32ad65c5e55c1e0d001130df71557,10,-0.52650246305408299,10
0:46532817c12757c39b41e22f662b884e235a3c6f9a53ba8afb9ff877a9f14ebe,10,-0.0343712842154602,10
0:f21e8a8a09b1a69d93579849dedaf629ccb8260ec0b508c6653b7f0e453ee6bb,10,10,10
0:0f025474838d3a34945a3d08b547aaabbcf908bd41e4d8810340825cf8a2246c,10,10,10
