{
	"solverName":	"mip",
	"timeLimit":	180,
	"randomSeed":	8111,
	"cmdLineDefines":	["HEUR_PRICER_MODE", "APPLY_UPPER_CUTOFF", "DISABLE_FRACTIONAL_SEPARATION"],
	"inputFile":	"data/BAP_Instances/last-10/CVRP-scaled-1.0/A/A-n37-k6/A-n37-k6-c235.vrp",
	"instanceInfo":	{
		"name":	"A-n37-k6-c235",
		"comment":	"(Augerat:et al, No of trucks: 6, Optimal value: 949)",
		"vehicleCap":	100,
		"numCustomers":	36,
		"numVehicles":	6
	},
	"solveStatus":	{
		"code":	6,
		"erroredOut":	false,
		"containsPrimalSolution":	true,
		"closedProblem":	true,
		"resExhaustionAbortion":	false,
		"sigTermAbortion":	false
	},
	"timingInfo":	{
		"took":	71.333348,
		"tookRepr":	"1 minutes(s), 11 seconds(s), 333 msec(s), 348 usec(s)",
		"started":	"Tue Jun  7 17:11:41 2022",
		"ended":	"Tue Jun  7 17:12:53 2022"
	},
	"bounds":	{
		"dual":	-1.2857142857143149,
		"primal":	-1.2857142857143149,
		"gap":	0
	},
	"tourInfo":	{
		"cost":	-1.285714285714306,
		"profit":	216.28571428571431,
		"demand":	100,
		"route":	[0, 8, 3, 5, 33, 2, 9]
	},
	"constants":	{
		"COST_TOLERANCE":	1e-06
	}
}