{
	"solverName":	"mip",
	"timeLimit":	60,
	"randomSeed":	8111,
	"cmdLineDefines":	["HEUR_PRICER_MODE", "APPLY_UPPER_CUTOFF", "DISABLE_FRACTIONAL_SEPARATION", "NUM_THREADS"],
	"inputFile":	"data/BAP_Instances/last-10/CVRP-scaled-1.0/A/A-n37-k6/A-n37-k6-c235.vrp",
	"instanceInfo":	{
		"name":	"A-n37-k6-c235",
		"comment":	"(Augerat:et al, No of trucks: 6, Optimal value: 949)",
		"vehicleCap":	100,
		"numCustomers":	36,
		"numVehicles":	6
	},
	"solveStatus":	{
		"code":	12,
		"erroredOut":	false,
		"containsPrimalSolution":	true,
		"closedProblem":	false,
		"resExhaustionAbortion":	true,
		"sigTermAbortion":	false
	},
	"timingInfo":	{
		"took":	60.036312,
		"tookRepr":	"1 minutes(s), 36 msec(s), 312 usec(s)",
		"started":	"Wed Jun  8 22:05:20 2022",
		"ended":	"Wed Jun  8 22:06:20 2022"
	},
	"bounds":	{
		"dual":	-42.085543957847918,
		"primal":	-3.0198066269804258e-14,
		"gap":	420728387741.133
	},
	"tourInfo":	{
		"cost":	-2.8421709430404e-14,
		"profit":	104.00000000000003,
		"demand":	99,
		"route":	[0, 7, 25, 35, 16]
	},
	"constants":	{
		"COST_TOLERANCE":	1e-06
	}
}