{
	"solverName":	"mip",
	"timeLimit":	1200,
	"randomSeed":	8111,
	"cmdLineDefines":	["HEUR_PRICER_MODE", "APPLY_UPPER_CUTOFF", "AMORTIZED_FRACTIONAL_LABELING"],
	"inputFile":	"data/BAP_Instances/last-10/CVRP-scaled-20.0/A/A-n37-k5/A-n37-k5-c1093.vrp",
	"instanceInfo":	{
		"name":	"A-n37-k5-c1093",
		"comment":	"(Augerat:et al, No of trucks: 5, Optimal value: 669)",
		"vehicleCap":	2000,
		"numCustomers":	36,
		"numVehicles":	1
	},
	"solveStatus":	{
		"code":	6,
		"erroredOut":	false,
		"containsPrimalSolution":	true,
		"closedProblem":	true,
		"resExhaustionAbortion":	false,
		"sigTermAbortion":	false
	},
	"timingInfo":	{
		"took":	0.1908,
		"tookRepr":	"190 msec(s), 800 usec(s)",
		"started":	"Wed Jun  8 18:40:45 2022",
		"ended":	"Wed Jun  8 18:40:45 2022"
	},
	"bounds":	{
		"dual":	-0.3384622686840828,
		"primal":	-0.3384622686840828,
		"gap":	0
	},
	"tourInfo":	{
		"cost":	-0.33846226868411122,
		"profit":	461.33846226868411,
		"demand":	346,
		"route":	[0, 15, 34, 36, 29, 32, 28, 31, 26, 30, 18, 25, 8, 27, 11, 9, 24, 23, 17, 14, 20, 19, 2, 10, 6, 5, 13, 22, 33, 4, 7, 16, 21]
	},
	"constants":	{
		"COST_TOLERANCE":	1e-06
	}
}