{
	"solverName":	"mip",
	"timeLimit":	60,
	"randomSeed":	8111,
	"cmdLineDefines":	["HEUR_PRICER_MODE", "APPLY_UPPER_CUTOFF", "AMORTIZED_FRACTIONAL_LABELING", "NUM_THREADS"],
	"inputFile":	"data/BAP_Instances/last-10/CVRP-scaled-2.0/A/A-n37-k5/A-n37-k5-c497.vrp",
	"instanceInfo":	{
		"name":	"A-n37-k5-c497",
		"comment":	"(Augerat:et al, No of trucks: 5, Optimal value: 669)",
		"vehicleCap":	200,
		"numCustomers":	36,
		"numVehicles":	3
	},
	"solveStatus":	{
		"code":	6,
		"erroredOut":	false,
		"containsPrimalSolution":	true,
		"closedProblem":	true,
		"resExhaustionAbortion":	false,
		"sigTermAbortion":	false
	},
	"timingInfo":	{
		"took":	2.706079,
		"tookRepr":	"2 seconds(s), 706 msec(s), 79 usec(s)",
		"started":	"Wed Jun  8 23:10:46 2022",
		"ended":	"Wed Jun  8 23:10:49 2022"
	},
	"bounds":	{
		"dual":	-1.35003119794419e-13,
		"primal":	-1.35003119794419e-13,
		"gap":	0
	},
	"tourInfo":	{
		"cost":	-1.13686837721616e-13,
		"profit":	374.00000000000011,
		"demand":	200,
		"route":	[0, 7, 4, 33, 5, 6, 2, 20, 23, 24, 9, 11, 27, 8, 25, 35, 18, 31, 32, 29]
	},
	"constants":	{
		"COST_TOLERANCE":	1e-06
	}
}