{
	"solverName":	"mip",
	"timeLimit":	30,
	"randomSeed":	8111,
	"cmdLineDefines":	["HEUR_PRICER_MODE", "APPLY_UPPER_CUTOFF", "DISABLE_FRACTIONAL_SEPARATION", "NUM_THREADS"],
	"inputFile":	"data/BAP_Instances/last-10/CVRP-scaled-2.0/A/A-n37-k5/A-n37-k5-c497.vrp",
	"instanceInfo":	{
		"name":	"A-n37-k5-c497",
		"comment":	"(Augerat:et al, No of trucks: 5, Optimal value: 669)",
		"vehicleCap":	200,
		"numCustomers":	36,
		"numVehicles":	3
	},
	"solveStatus":	{
		"code":	6,
		"erroredOut":	false,
		"containsPrimalSolution":	true,
		"closedProblem":	true,
		"resExhaustionAbortion":	false,
		"sigTermAbortion":	false
	},
	"timingInfo":	{
		"took":	2.355018,
		"tookRepr":	"2 seconds(s), 355 msec(s), 18 usec(s)",
		"started":	"Wed Jun  8 19:37:12 2022",
		"ended":	"Wed Jun  8 19:37:14 2022"
	},
	"bounds":	{
		"dual":	-1.20792265079217e-13,
		"primal":	-1.35003119794419e-13,
		"gap":	-0.00014191695483547492
	},
	"tourInfo":	{
		"cost":	-1.13686837721616e-13,
		"profit":	272.00000000000011,
		"demand":	199,
		"route":	[0, 7, 4, 33, 13, 5, 6, 10, 2, 19, 20, 23, 17, 12, 1, 21]
	},
	"constants":	{
		"COST_TOLERANCE":	1e-06
	}
}