{
	"solverName":	"mip",
	"timeLimit":	30,
	"randomSeed":	8111,
	"cmdLineDefines":	["HEUR_PRICER_MODE", "APPLY_UPPER_CUTOFF", "NUM_THREADS"],
	"inputFile":	"data/BAP_Instances/last-10/CVRP-scaled-2.0/A/A-n37-k5/A-n37-k5-c495.vrp",
	"instanceInfo":	{
		"name":	"A-n37-k5-c495",
		"comment":	"(Augerat:et al, No of trucks: 5, Optimal value: 669)",
		"vehicleCap":	200,
		"numCustomers":	36,
		"numVehicles":	3
	},
	"solveStatus":	{
		"code":	12,
		"erroredOut":	false,
		"containsPrimalSolution":	true,
		"closedProblem":	false,
		"resExhaustionAbortion":	true,
		"sigTermAbortion":	false
	},
	"timingInfo":	{
		"took":	30.021458,
		"tookRepr":	"30 seconds(s), 21 msec(s), 458 usec(s)",
		"started":	"Wed Jun  8 19:37:21 2022",
		"ended":	"Wed Jun  8 19:37:51 2022"
	},
	"bounds":	{
		"dual":	-2.4931247818368791,
		"primal":	-0.00753827635863047,
		"gap":	329.72875419453936
	},
	"tourInfo":	{
		"cost":	-0.0075382763586162582,
		"profit":	283.00753827635862,
		"demand":	199,
		"route":	[0, 1, 12, 17, 14, 23, 24, 9, 11, 27, 8, 25, 18, 30, 26, 31, 28, 32, 29, 36, 34]
	},
	"constants":	{
		"COST_TOLERANCE":	1e-06
	}
}