{
	"solverName":	"mip",
	"timeLimit":	1200,
	"randomSeed":	8111,
	"cmdLineDefines":	["HEUR_PRICER_MODE", "APPLY_UPPER_CUTOFF", "AMORTIZED_FRACTIONAL_LABELING"],
	"inputFile":	"data/BAP_Instances/last-10/CVRP-scaled-2.0/A/A-n37-k5/A-n37-k5-c495.vrp",
	"instanceInfo":	{
		"name":	"A-n37-k5-c495",
		"comment":	"(Augerat:et al, No of trucks: 5, Optimal value: 669)",
		"vehicleCap":	200,
		"numCustomers":	36,
		"numVehicles":	3
	},
	"solveStatus":	{
		"code":	6,
		"erroredOut":	false,
		"containsPrimalSolution":	true,
		"closedProblem":	true,
		"resExhaustionAbortion":	false,
		"sigTermAbortion":	false
	},
	"timingInfo":	{
		"took":	0.500073,
		"tookRepr":	"500 msec(s), 73 usec(s)",
		"started":	"Sun Jun  5 09:21:05 2022",
		"ended":	"Sun Jun  5 09:21:05 2022"
	},
	"bounds":	{
		"dual":	-0.064011357787279621,
		"primal":	-0.064011357787279621,
		"gap":	0
	},
	"tourInfo":	{
		"cost":	-0.064011357787308043,
		"profit":	272.06401135778731,
		"demand":	199,
		"route":	[0, 7, 4, 33, 13, 5, 6, 10, 2, 19, 20, 23, 17, 12, 1, 21]
	},
	"constants":	{
		"COST_TOLERANCE":	1e-06
	}
}