{
	"solverName":	"mip",
	"timeLimit":	60,
	"randomSeed":	8111,
	"cmdLineDefines":	["HEUR_PRICER_MODE", "APPLY_UPPER_CUTOFF", "DISABLE_FRACTIONAL_SEPARATION", "NUM_THREADS"],
	"inputFile":	"data/BAP_Instances/last-10/CVRP-scaled-1.0/A/A-n37-k5/A-n37-k5-c296.vrp",
	"instanceInfo":	{
		"name":	"A-n37-k5-c296",
		"comment":	"(Augerat:et al, No of trucks: 5, Optimal value: 669)",
		"vehicleCap":	100,
		"numCustomers":	36,
		"numVehicles":	5
	},
	"solveStatus":	{
		"code":	6,
		"erroredOut":	false,
		"containsPrimalSolution":	true,
		"closedProblem":	true,
		"resExhaustionAbortion":	false,
		"sigTermAbortion":	false
	},
	"timingInfo":	{
		"took":	20.851803,
		"tookRepr":	"20 seconds(s), 851 msec(s), 803 usec(s)",
		"started":	"Wed Jun  8 22:33:28 2022",
		"ended":	"Wed Jun  8 22:33:49 2022"
	},
	"bounds":	{
		"dual":	-0.036145082940759021,
		"primal":	-0.036145082940759465,
		"gap":	-1.228629657177104e-14
	},
	"tourInfo":	{
		"cost":	-0.0361450829407488,
		"profit":	154.03614508294075,
		"demand":	98,
		"route":	[0, 15, 30, 25, 35, 18, 26, 31, 28, 32, 29]
	},
	"constants":	{
		"COST_TOLERANCE":	1e-06
	}
}