{
	"solverName":	"mip",
	"timeLimit":	1200,
	"randomSeed":	8111,
	"cmdLineDefines":	["HEUR_PRICER_MODE", "APPLY_UPPER_CUTOFF"],
	"inputFile":	"data/BAP_Instances_Test/A-n37-k5/A-n37-k5-c248.vrp",
	"instanceInfo":	{
		"name":	"A-n37-k5-c248",
		"comment":	"(Augerat:et al, No of trucks: 5, Optimal value: 669)",
		"vehicleCap":	100,
		"numCustomers":	36,
		"numVehicles":	5
	},
	"solveStatus":	{
		"code":	6,
		"erroredOut":	false,
		"containsPrimalSolution":	true,
		"closedProblem":	true,
		"resExhaustionAbortion":	false,
		"sigTermAbortion":	false
	},
	"timingInfo":	{
		"took":	1.18422,
		"tookRepr":	"1 seconds(s), 184 msec(s), 220 usec(s)",
		"started":	"Wed May 25 22:31:22 2022",
		"ended":	"Wed May 25 22:31:23 2022"
	},
	"bounds":	{
		"dual":	-1.2099999999999582,
		"primal":	-1.2099999999999582,
		"gap":	0
	},
	"tourInfo":	{
		"cost":	-1.2099999999999227,
		"profit":	213.20999999999992,
		"demand":	96,
		"route":	[0, 3, 24, 9, 11, 27, 8, 25, 35, 18, 26, 34, 15]
	},
	"constants":	{
		"COST_TOLERANCE":	1e-06
	}
}