{
	"solverName":	"mip",
	"timeLimit":	1200,
	"randomSeed":	8111,
	"cmdLineDefines":	["HEUR_PRICER_MODE", "APPLY_UPPER_CUTOFF", "AMORTIZED_FRACTIONAL_LABELING"],
	"inputFile":	"data/BAP_Instances/last-10/CVRP-scaled-5.0/A/A-n37-k5/A-n37-k5-c633.vrp",
	"instanceInfo":	{
		"name":	"A-n37-k5-c633",
		"comment":	"(Augerat:et al, No of trucks: 5, Optimal value: 669)",
		"vehicleCap":	500,
		"numCustomers":	36,
		"numVehicles":	1
	},
	"solveStatus":	{
		"code":	6,
		"erroredOut":	false,
		"containsPrimalSolution":	true,
		"closedProblem":	true,
		"resExhaustionAbortion":	false,
		"sigTermAbortion":	false
	},
	"timingInfo":	{
		"took":	0.26612,
		"tookRepr":	"266 msec(s), 120 usec(s)",
		"started":	"Sun Jun  5 11:00:27 2022",
		"ended":	"Sun Jun  5 11:00:27 2022"
	},
	"bounds":	{
		"dual":	-4.4496680901707855,
		"primal":	-4.4496680901708,
		"gap":	-3.1936887037201811e-15
	},
	"tourInfo":	{
		"cost":	-4.4496680901695527,
		"profit":	472.44966809016955,
		"demand":	387,
		"route":	[0, 15, 34, 36, 29, 32, 28, 31, 26, 30, 18, 35, 25, 3, 1, 12, 17, 14, 23, 24, 9, 8, 27, 11, 20, 19, 2, 10, 6, 5, 13, 22, 7, 16, 21]
	},
	"constants":	{
		"COST_TOLERANCE":	1e-06
	}
}