{
	"solverName":	"mip",
	"timeLimit":	60,
	"randomSeed":	8111,
	"cmdLineDefines":	["HEUR_PRICER_MODE", "APPLY_UPPER_CUTOFF", "NUM_THREADS"],
	"inputFile":	"data/BAP_Instances/last-10/CVRP-scaled-1.0/A/A-n37-k6/A-n37-k6-c218.vrp",
	"instanceInfo":	{
		"name":	"A-n37-k6-c218",
		"comment":	"(Augerat:et al, No of trucks: 6, Optimal value: 949)",
		"vehicleCap":	100,
		"numCustomers":	36,
		"numVehicles":	6
	},
	"solveStatus":	{
		"code":	6,
		"erroredOut":	false,
		"containsPrimalSolution":	true,
		"closedProblem":	true,
		"resExhaustionAbortion":	false,
		"sigTermAbortion":	false
	},
	"timingInfo":	{
		"took":	22.89501,
		"tookRepr":	"22 seconds(s), 895 msec(s), 10 usec(s)",
		"started":	"Wed Jun  8 22:04:59 2022",
		"ended":	"Wed Jun  8 22:05:22 2022"
	},
	"bounds":	{
		"dual":	0,
		"primal":	0,
		"gap":	0
	},
	"tourInfo":	{
		"cost":	5.6843418860808e-14,
		"profit":	227.99999999999994,
		"demand":	100,
		"route":	[0, 9, 21, 28, 2, 5, 3, 1, 20]
	},
	"constants":	{
		"COST_TOLERANCE":	1e-06
	}
}