{
	"solverName":	"mip",
	"timeLimit":	30,
	"randomSeed":	8111,
	"cmdLineDefines":	["HEUR_PRICER_MODE", "APPLY_UPPER_CUTOFF", "NUM_THREADS"],
	"inputFile":	"data/BAP_Instances/last-10/CVRP-scaled-1.0/A/A-n37-k6/A-n37-k6-c218.vrp",
	"instanceInfo":	{
		"name":	"A-n37-k6-c218",
		"comment":	"(Augerat:et al, No of trucks: 6, Optimal value: 949)",
		"vehicleCap":	100,
		"numCustomers":	36,
		"numVehicles":	6
	},
	"solveStatus":	{
		"code":	12,
		"erroredOut":	false,
		"containsPrimalSolution":	true,
		"closedProblem":	false,
		"resExhaustionAbortion":	true,
		"sigTermAbortion":	false
	},
	"timingInfo":	{
		"took":	30.02437,
		"tookRepr":	"30 seconds(s), 24 msec(s), 370 usec(s)",
		"started":	"Wed Jun  8 19:02:16 2022",
		"ended":	"Wed Jun  8 19:02:46 2022"
	},
	"bounds":	{
		"dual":	-13.692017295397113,
		"primal":	0,
		"gap":	136920172953.97113
	},
	"tourInfo":	{
		"cost":	5.6843418860808e-14,
		"profit":	227.99999999999994,
		"demand":	100,
		"route":	[0, 9, 21, 28, 2, 5, 3, 1, 20]
	},
	"constants":	{
		"COST_TOLERANCE":	1e-06
	}
}