{
	"solverName":	"mip",
	"timeLimit":	60,
	"randomSeed":	8111,
	"cmdLineDefines":	["HEUR_PRICER_MODE", "APPLY_UPPER_CUTOFF", "DISABLE_FRACTIONAL_SEPARATION", "NUM_THREADS"],
	"inputFile":	"data/BAP_Instances/last-10/CVRP-scaled-1.0/A/A-n37-k6/A-n37-k6-c218.vrp",
	"instanceInfo":	{
		"name":	"A-n37-k6-c218",
		"comment":	"(Augerat:et al, No of trucks: 6, Optimal value: 949)",
		"vehicleCap":	100,
		"numCustomers":	36,
		"numVehicles":	6
	},
	"solveStatus":	{
		"code":	8,
		"erroredOut":	false,
		"containsPrimalSolution":	false,
		"closedProblem":	false,
		"resExhaustionAbortion":	true,
		"sigTermAbortion":	false
	},
	"timingInfo":	{
		"took":	60.035503,
		"tookRepr":	"1 minutes(s), 35 msec(s), 503 usec(s)",
		"started":	"Wed Jun  8 22:05:01 2022",
		"ended":	"Wed Jun  8 22:06:01 2022"
	},
	"bounds":	{
		"dual":	-42.257279478633023,
		"primal":	0,
		"gap":	422572794786.3302
	},
	"constants":	{
		"COST_TOLERANCE":	1e-06
	}
}