{
	"solverName":	"mip",
	"timeLimit":	180,
	"randomSeed":	8111,
	"cmdLineDefines":	["HEUR_PRICER_MODE", "APPLY_UPPER_CUTOFF"],
	"inputFile":	"data/BAP_Instances/last-10/CVRP-scaled-1.0/A/A-n37-k6/A-n37-k6-c218.vrp",
	"instanceInfo":	{
		"name":	"A-n37-k6-c218",
		"comment":	"(Augerat:et al, No of trucks: 6, Optimal value: 949)",
		"vehicleCap":	100,
		"numCustomers":	36,
		"numVehicles":	6
	},
	"solveStatus":	{
		"code":	6,
		"erroredOut":	false,
		"containsPrimalSolution":	true,
		"closedProblem":	true,
		"resExhaustionAbortion":	false,
		"sigTermAbortion":	false
	},
	"timingInfo":	{
		"took":	2.230694,
		"tookRepr":	"2 seconds(s), 230 msec(s), 694 usec(s)",
		"started":	"Tue Jun  7 17:08:10 2022",
		"ended":	"Tue Jun  7 17:08:12 2022"
	},
	"bounds":	{
		"dual":	8.5265128291212022e-14,
		"primal":	8.5265128291212022e-14,
		"gap":	0
	},
	"tourInfo":	{
		"cost":	5.6843418860808e-14,
		"profit":	227.99999999999994,
		"demand":	100,
		"route":	[0, 9, 21, 28, 2, 5, 3, 1, 20]
	},
	"constants":	{
		"COST_TOLERANCE":	1e-06
	}
}