{
	"solverName":	"mip",
	"timeLimit":	1200,
	"randomSeed":	8111,
	"cmdLineDefines":	["HEUR_PRICER_MODE", "APPLY_UPPER_CUTOFF", "AMORTIZED_FRACTIONAL_LABELING"],
	"inputFile":	"data/BAP_Instances/last-10/CVRP-scaled-8.0/A/A-n37-k5/A-n37-k5-c785.vrp",
	"instanceInfo":	{
		"name":	"A-n37-k5-c785",
		"comment":	"(Augerat:et al, No of trucks: 5, Optimal value: 669)",
		"vehicleCap":	800,
		"numCustomers":	36,
		"numVehicles":	1
	},
	"solveStatus":	{
		"code":	6,
		"erroredOut":	false,
		"containsPrimalSolution":	true,
		"closedProblem":	true,
		"resExhaustionAbortion":	false,
		"sigTermAbortion":	false
	},
	"timingInfo":	{
		"took":	0.277885,
		"tookRepr":	"277 msec(s), 885 usec(s)",
		"started":	"Sun Jun  5 11:04:09 2022",
		"ended":	"Sun Jun  5 11:04:09 2022"
	},
	"bounds":	{
		"dual":	-0.4244102282976332,
		"primal":	-0.42441022829764563,
		"gap":	-2.9298299248696272e-14
	},
	"tourInfo":	{
		"cost":	-0.42441022829768826,
		"profit":	517.42441022829769,
		"demand":	407,
		"route":	[0, 15, 34, 36, 29, 32, 28, 31, 26, 30, 18, 35, 25, 3, 1, 12, 17, 14, 23, 24, 9, 8, 27, 11, 20, 19, 2, 10, 6, 5, 13, 22, 33, 4, 7, 16, 21]
	},
	"constants":	{
		"COST_TOLERANCE":	1e-06
	}
}