{
	"solverName":	"mip",
	"timeLimit":	30,
	"randomSeed":	8111,
	"cmdLineDefines":	["HEUR_PRICER_MODE", "APPLY_UPPER_CUTOFF", "AMORTIZED_FRACTIONAL_LABELING", "NUM_THREADS"],
	"inputFile":	"data/BAP_Instances/last-10/CVRP-scaled-1.0/A/A-n37-k6/A-n37-k6-c219.vrp",
	"instanceInfo":	{
		"name":	"A-n37-k6-c219",
		"comment":	"(Augerat:et al, No of trucks: 6, Optimal value: 949)",
		"vehicleCap":	100,
		"numCustomers":	36,
		"numVehicles":	6
	},
	"solveStatus":	{
		"code":	6,
		"erroredOut":	false,
		"containsPrimalSolution":	true,
		"closedProblem":	true,
		"resExhaustionAbortion":	false,
		"sigTermAbortion":	false
	},
	"timingInfo":	{
		"took":	4.814616,
		"tookRepr":	"4 seconds(s), 814 msec(s), 616 usec(s)",
		"started":	"Wed Jun  8 19:02:32 2022",
		"ended":	"Wed Jun  8 19:02:37 2022"
	},
	"bounds":	{
		"dual":	-5.6843418860808e-14,
		"primal":	-5.6843418860808e-14,
		"gap":	0
	},
	"tourInfo":	{
		"cost":	0,
		"profit":	170,
		"demand":	100,
		"route":	[0, 17, 26, 30, 15, 32]
	},
	"constants":	{
		"COST_TOLERANCE":	1e-06
	}
}