{
	"solverName":	"mip",
	"timeLimit":	180,
	"randomSeed":	8111,
	"cmdLineDefines":	["HEUR_PRICER_MODE", "APPLY_UPPER_CUTOFF"],
	"inputFile":	"data/BAP_Instances/last-10/CVRP-scaled-1.0/A/A-n37-k6/A-n37-k6-c219.vrp",
	"instanceInfo":	{
		"name":	"A-n37-k6-c219",
		"comment":	"(Augerat:et al, No of trucks: 6, Optimal value: 949)",
		"vehicleCap":	100,
		"numCustomers":	36,
		"numVehicles":	6
	},
	"solveStatus":	{
		"code":	6,
		"erroredOut":	false,
		"containsPrimalSolution":	true,
		"closedProblem":	true,
		"resExhaustionAbortion":	false,
		"sigTermAbortion":	false
	},
	"timingInfo":	{
		"took":	3.87371,
		"tookRepr":	"3 seconds(s), 873 msec(s), 710 usec(s)",
		"started":	"Tue Jun  7 17:12:53 2022",
		"ended":	"Tue Jun  7 17:12:57 2022"
	},
	"bounds":	{
		"dual":	-4.2632564145606011e-14,
		"primal":	-4.2632564145606011e-14,
		"gap":	0
	},
	"tourInfo":	{
		"cost":	-5.6843418860808e-14,
		"profit":	172.00000000000006,
		"demand":	100,
		"route":	[0, 13, 30, 15, 32, 27]
	},
	"constants":	{
		"COST_TOLERANCE":	1e-06
	}
}