{
	"solverName":	"mip",
	"timeLimit":	60,
	"randomSeed":	8111,
	"cmdLineDefines":	["HEUR_PRICER_MODE", "APPLY_UPPER_CUTOFF", "NUM_THREADS"],
	"inputFile":	"data/BAP_Instances/last-10/CVRP-scaled-1.0/A/A-n37-k6/A-n37-k6-c219.vrp",
	"instanceInfo":	{
		"name":	"A-n37-k6-c219",
		"comment":	"(Augerat:et al, No of trucks: 6, Optimal value: 949)",
		"vehicleCap":	100,
		"numCustomers":	36,
		"numVehicles":	6
	},
	"solveStatus":	{
		"code":	6,
		"erroredOut":	false,
		"containsPrimalSolution":	true,
		"closedProblem":	true,
		"resExhaustionAbortion":	false,
		"sigTermAbortion":	false
	},
	"timingInfo":	{
		"took":	25.113719,
		"tookRepr":	"25 seconds(s), 113 msec(s), 719 usec(s)",
		"started":	"Wed Jun  8 22:05:22 2022",
		"ended":	"Wed Jun  8 22:05:47 2022"
	},
	"bounds":	{
		"dual":	-7.815970093361102e-14,
		"primal":	-7.815970093361102e-14,
		"gap":	0
	},
	"tourInfo":	{
		"cost":	-8.5265128291212022e-14,
		"profit":	230.00000000000009,
		"demand":	100,
		"route":	[0, 17, 9, 2, 28, 23, 22, 26]
	},
	"constants":	{
		"COST_TOLERANCE":	1e-06
	}
}