{
	"solverName":	"mip",
	"timeLimit":	180,
	"randomSeed":	8111,
	"cmdLineDefines":	["HEUR_PRICER_MODE", "APPLY_UPPER_CUTOFF", "DISABLE_FRACTIONAL_SEPARATION"],
	"inputFile":	"data/BAP_Instances/last-10/CVRP-scaled-1.0/A/A-n37-k6/A-n37-k6-c219.vrp",
	"instanceInfo":	{
		"name":	"A-n37-k6-c219",
		"comment":	"(Augerat:et al, No of trucks: 6, Optimal value: 949)",
		"vehicleCap":	100,
		"numCustomers":	36,
		"numVehicles":	6
	},
	"solveStatus":	{
		"code":	6,
		"erroredOut":	false,
		"containsPrimalSolution":	true,
		"closedProblem":	true,
		"resExhaustionAbortion":	false,
		"sigTermAbortion":	false
	},
	"timingInfo":	{
		"took":	72.975636,
		"tookRepr":	"1 minutes(s), 12 seconds(s), 975 msec(s), 636 usec(s)",
		"started":	"Tue Jun  7 17:12:58 2022",
		"ended":	"Tue Jun  7 17:14:11 2022"
	},
	"bounds":	{
		"dual":	-9.9475983006414026e-14,
		"primal":	-9.9475983006414026e-14,
		"gap":	0
	},
	"tourInfo":	{
		"cost":	-8.5265128291212022e-14,
		"profit":	230.00000000000009,
		"demand":	100,
		"route":	[0, 17, 9, 2, 28, 23, 22, 26]
	},
	"constants":	{
		"COST_TOLERANCE":	1e-06
	}
}