{
	"solverName":	"mip",
	"timeLimit":	30,
	"randomSeed":	8111,
	"cmdLineDefines":	["HEUR_PRICER_MODE", "APPLY_UPPER_CUTOFF", "NUM_THREADS"],
	"inputFile":	"data/BAP_Instances/last-10/CVRP-scaled-1.0/A/A-n37-k6/A-n37-k6-c219.vrp",
	"instanceInfo":	{
		"name":	"A-n37-k6-c219",
		"comment":	"(Augerat:et al, No of trucks: 6, Optimal value: 949)",
		"vehicleCap":	100,
		"numCustomers":	36,
		"numVehicles":	6
	},
	"solveStatus":	{
		"code":	12,
		"erroredOut":	false,
		"containsPrimalSolution":	true,
		"closedProblem":	false,
		"resExhaustionAbortion":	true,
		"sigTermAbortion":	false
	},
	"timingInfo":	{
		"took":	30.020137,
		"tookRepr":	"30 seconds(s), 20 msec(s), 137 usec(s)",
		"started":	"Wed Jun  8 19:02:31 2022",
		"ended":	"Wed Jun  8 19:03:01 2022"
	},
	"bounds":	{
		"dual":	-10.136540154527076,
		"primal":	-1.4210854715202e-14,
		"gap":	101350998702.09265
	},
	"tourInfo":	{
		"cost":	-1.4210854715202e-14,
		"profit":	85,
		"demand":	86,
		"route":	[0, 7, 16, 24, 29, 36]
	},
	"constants":	{
		"COST_TOLERANCE":	1e-06
	}
}