{
	"solverName":	"mip",
	"timeLimit":	180,
	"randomSeed":	8111,
	"cmdLineDefines":	["HEUR_PRICER_MODE", "APPLY_UPPER_CUTOFF", "AMORTIZED_FRACTIONAL_LABELING"],
	"inputFile":	"data/BAP_Instances/last-10/CVRP-scaled-1.0/A/A-n37-k6/A-n37-k6-c219.vrp",
	"instanceInfo":	{
		"name":	"A-n37-k6-c219",
		"comment":	"(Augerat:et al, No of trucks: 6, Optimal value: 949)",
		"vehicleCap":	100,
		"numCustomers":	36,
		"numVehicles":	6
	},
	"solveStatus":	{
		"code":	6,
		"erroredOut":	false,
		"containsPrimalSolution":	true,
		"closedProblem":	true,
		"resExhaustionAbortion":	false,
		"sigTermAbortion":	false
	},
	"timingInfo":	{
		"took":	1.133244,
		"tookRepr":	"1 seconds(s), 133 msec(s), 244 usec(s)",
		"started":	"Tue Jun  7 17:12:57 2022",
		"ended":	"Tue Jun  7 17:12:58 2022"
	},
	"bounds":	{
		"dual":	-8.5265128291212022e-14,
		"primal":	-1.0658141036401503e-13,
		"gap":	-0.00021293587067389491
	},
	"tourInfo":	{
		"cost":	-2.8421709430404e-14,
		"profit":	251,
		"demand":	100,
		"route":	[0, 9, 28, 23, 22, 12, 11, 10, 26]
	},
	"constants":	{
		"COST_TOLERANCE":	1e-06
	}
}