{
	"solverName":	"mip",
	"timeLimit":	1200,
	"randomSeed":	8111,
	"cmdLineDefines":	["HEUR_PRICER_MODE", "APPLY_UPPER_CUTOFF", "AMORTIZED_FRACTIONAL_LABELING"],
	"inputFile":	"data/BAP_Instances/last-10/CVRP-scaled-20.0/A/A-n37-k5/A-n37-k5-c1099.vrp",
	"instanceInfo":	{
		"name":	"A-n37-k5-c1099",
		"comment":	"(Augerat:et al, No of trucks: 5, Optimal value: 669)",
		"vehicleCap":	2000,
		"numCustomers":	36,
		"numVehicles":	1
	},
	"solveStatus":	{
		"code":	6,
		"erroredOut":	false,
		"containsPrimalSolution":	true,
		"closedProblem":	true,
		"resExhaustionAbortion":	false,
		"sigTermAbortion":	false
	},
	"timingInfo":	{
		"took":	0.3149,
		"tookRepr":	"314 msec(s), 900 usec(s)",
		"started":	"Wed Jun  8 18:40:46 2022",
		"ended":	"Wed Jun  8 18:40:46 2022"
	},
	"bounds":	{
		"dual":	-0.36222882576225413,
		"primal":	-0.36222882576225857,
		"gap":	-1.2259908051021107e-14
	},
	"tourInfo":	{
		"cost":	-0.36222882576220172,
		"profit":	446.3622288257622,
		"demand":	357,
		"route":	[0, 15, 34, 36, 29, 32, 28, 31, 26, 30, 18, 35, 25, 8, 27, 11, 9, 24, 23, 20, 19, 2, 10, 6, 5, 13, 22, 33, 4, 7, 16, 21]
	},
	"constants":	{
		"COST_TOLERANCE":	1e-06
	}
}