{
	"solverName":	"mip",
	"timeLimit":	30,
	"randomSeed":	8111,
	"cmdLineDefines":	["HEUR_PRICER_MODE", "APPLY_UPPER_CUTOFF", "DISABLE_FRACTIONAL_SEPARATION", "NUM_THREADS"],
	"inputFile":	"data/BAP_Instances/last-10/CVRP-scaled-4.0/A/A-n37-k5/A-n37-k5-c886.vrp",
	"instanceInfo":	{
		"name":	"A-n37-k5-c886",
		"comment":	"(Augerat:et al, No of trucks: 5, Optimal value: 669)",
		"vehicleCap":	400,
		"numCustomers":	36,
		"numVehicles":	2
	},
	"solveStatus":	{
		"code":	6,
		"erroredOut":	false,
		"containsPrimalSolution":	true,
		"closedProblem":	true,
		"resExhaustionAbortion":	false,
		"sigTermAbortion":	false
	},
	"timingInfo":	{
		"took":	0.103124,
		"tookRepr":	"103 msec(s), 124 usec(s)",
		"started":	"Wed Jun  8 19:52:40 2022",
		"ended":	"Wed Jun  8 19:52:40 2022"
	},
	"bounds":	{
		"dual":	-0.055555460886868135,
		"primal":	-0.055553094815653736,
		"gap":	4.2591168286691148e-05
	},
	"tourInfo":	{
		"cost":	-0.055553094815650184,
		"profit":	382.05555309481565,
		"demand":	282,
		"route":	[0, 3, 1, 12, 17, 14, 23, 24, 9, 8, 27, 11, 20, 19, 2, 10, 6, 5, 13, 22, 33, 4, 7, 16, 21]
	},
	"constants":	{
		"COST_TOLERANCE":	1e-06
	}
}