{
	"solverName":	"mip",
	"timeLimit":	180,
	"randomSeed":	8111,
	"cmdLineDefines":	["HEUR_PRICER_MODE", "APPLY_UPPER_CUTOFF", "DISABLE_FRACTIONAL_SEPARATION"],
	"inputFile":	"data/BAP_Instances/last-10/CVRP-scaled-1.0/A/A-n37-k6/A-n37-k6-c239.vrp",
	"instanceInfo":	{
		"name":	"A-n37-k6-c239",
		"comment":	"(Augerat:et al, No of trucks: 6, Optimal value: 949)",
		"vehicleCap":	100,
		"numCustomers":	36,
		"numVehicles":	6
	},
	"solveStatus":	{
		"code":	6,
		"erroredOut":	false,
		"containsPrimalSolution":	true,
		"closedProblem":	true,
		"resExhaustionAbortion":	false,
		"sigTermAbortion":	false
	},
	"timingInfo":	{
		"took":	58.885754,
		"tookRepr":	"58 seconds(s), 885 msec(s), 754 usec(s)",
		"started":	"Tue Jun  7 17:14:16 2022",
		"ended":	"Tue Jun  7 17:15:15 2022"
	},
	"bounds":	{
		"dual":	-3.907985046680551e-14,
		"primal":	-3.19744231092045e-14,
		"gap":	7.10315616439489e-05
	},
	"tourInfo":	{
		"cost":	-2.8421709430404e-14,
		"profit":	104.00000000000003,
		"demand":	99,
		"route":	[0, 7, 35, 25, 16]
	},
	"constants":	{
		"COST_TOLERANCE":	1e-06
	}
}