{
	"solverName":	"mip",
	"timeLimit":	60,
	"randomSeed":	8111,
	"cmdLineDefines":	["HEUR_PRICER_MODE", "APPLY_UPPER_CUTOFF", "NUM_THREADS"],
	"inputFile":	"data/BAP_Instances/last-10/CVRP-scaled-1.0/A/A-n37-k6/A-n37-k6-c239.vrp",
	"instanceInfo":	{
		"name":	"A-n37-k6-c239",
		"comment":	"(Augerat:et al, No of trucks: 6, Optimal value: 949)",
		"vehicleCap":	100,
		"numCustomers":	36,
		"numVehicles":	6
	},
	"solveStatus":	{
		"code":	6,
		"erroredOut":	false,
		"containsPrimalSolution":	true,
		"closedProblem":	true,
		"resExhaustionAbortion":	false,
		"sigTermAbortion":	false
	},
	"timingInfo":	{
		"took":	33.007422,
		"tookRepr":	"33 seconds(s), 7 msec(s), 422 usec(s)",
		"started":	"Wed Jun  8 22:05:33 2022",
		"ended":	"Wed Jun  8 22:06:06 2022"
	},
	"bounds":	{
		"dual":	-3.19744231092045e-14,
		"primal":	-3.19744231092045e-14,
		"gap":	0
	},
	"tourInfo":	{
		"cost":	-2.8421709430404e-14,
		"profit":	104.00000000000003,
		"demand":	99,
		"route":	[0, 7, 25, 35, 16]
	},
	"constants":	{
		"COST_TOLERANCE":	1e-06
	}
}