{
	"solverName":	"mip",
	"timeLimit":	30,
	"randomSeed":	8111,
	"cmdLineDefines":	["HEUR_PRICER_MODE", "APPLY_UPPER_CUTOFF", "AMORTIZED_FRACTIONAL_LABELING", "NUM_THREADS"],
	"inputFile":	"data/BAP_Instances/last-10/CVRP-scaled-1.0/A/A-n37-k6/A-n37-k6-c239.vrp",
	"instanceInfo":	{
		"name":	"A-n37-k6-c239",
		"comment":	"(Augerat:et al, No of trucks: 6, Optimal value: 949)",
		"vehicleCap":	100,
		"numCustomers":	36,
		"numVehicles":	6
	},
	"solveStatus":	{
		"code":	6,
		"erroredOut":	false,
		"containsPrimalSolution":	true,
		"closedProblem":	true,
		"resExhaustionAbortion":	false,
		"sigTermAbortion":	false
	},
	"timingInfo":	{
		"took":	10.842504,
		"tookRepr":	"10 seconds(s), 842 msec(s), 504 usec(s)",
		"started":	"Wed Jun  8 19:02:37 2022",
		"ended":	"Wed Jun  8 19:02:48 2022"
	},
	"bounds":	{
		"dual":	-1.4566126083082054e-13,
		"primal":	-1.4566126083082054e-13,
		"gap":	0
	},
	"tourInfo":	{
		"cost":	-4.2632564145606011e-14,
		"profit":	124.00000000000004,
		"demand":	100,
		"route":	[0, 18, 13, 35]
	},
	"constants":	{
		"COST_TOLERANCE":	1e-06
	}
}