{
	"solverName":	"mip",
	"timeLimit":	180,
	"randomSeed":	8111,
	"cmdLineDefines":	["HEUR_PRICER_MODE", "APPLY_UPPER_CUTOFF"],
	"inputFile":	"data/BAP_Instances/last-10/CVRP-scaled-1.0/A/A-n37-k6/A-n37-k6-c239.vrp",
	"instanceInfo":	{
		"name":	"A-n37-k6-c239",
		"comment":	"(Augerat:et al, No of trucks: 6, Optimal value: 949)",
		"vehicleCap":	100,
		"numCustomers":	36,
		"numVehicles":	6
	},
	"solveStatus":	{
		"code":	6,
		"erroredOut":	false,
		"containsPrimalSolution":	true,
		"closedProblem":	true,
		"resExhaustionAbortion":	false,
		"sigTermAbortion":	false
	},
	"timingInfo":	{
		"took":	3.609728,
		"tookRepr":	"3 seconds(s), 609 msec(s), 728 usec(s)",
		"started":	"Tue Jun  7 17:14:11 2022",
		"ended":	"Tue Jun  7 17:14:14 2022"
	},
	"bounds":	{
		"dual":	-3.907985046680551e-14,
		"primal":	-3.907985046680551e-14,
		"gap":	0
	},
	"tourInfo":	{
		"cost":	-2.8421709430404e-14,
		"profit":	228,
		"demand":	100,
		"route":	[0, 9, 21, 28, 2, 5, 3, 1, 20]
	},
	"constants":	{
		"COST_TOLERANCE":	1e-06
	}
}