{
	"solverName":	"mip",
	"timeLimit":	60,
	"randomSeed":	8111,
	"cmdLineDefines":	["HEUR_PRICER_MODE", "APPLY_UPPER_CUTOFF", "AMORTIZED_FRACTIONAL_LABELING", "NUM_THREADS"],
	"inputFile":	"data/BAP_Instances/last-10/CVRP-scaled-1.0/A/A-n37-k5/A-n37-k5-c297.vrp",
	"instanceInfo":	{
		"name":	"A-n37-k5-c297",
		"comment":	"(Augerat:et al, No of trucks: 5, Optimal value: 669)",
		"vehicleCap":	100,
		"numCustomers":	36,
		"numVehicles":	5
	},
	"solveStatus":	{
		"code":	6,
		"erroredOut":	false,
		"containsPrimalSolution":	true,
		"closedProblem":	true,
		"resExhaustionAbortion":	false,
		"sigTermAbortion":	false
	},
	"timingInfo":	{
		"took":	2.029934,
		"tookRepr":	"2 seconds(s), 29 msec(s), 934 usec(s)",
		"started":	"Wed Jun  8 22:33:57 2022",
		"ended":	"Wed Jun  8 22:33:59 2022"
	},
	"bounds":	{
		"dual":	-7.4162898044960457e-14,
		"primal":	-7.460698725481052e-14,
		"gap":	-4.43758135274636e-06
	},
	"tourInfo":	{
		"cost":	-8.5265128291212022e-14,
		"profit":	131.00000000000009,
		"demand":	98,
		"route":	[0, 30, 35, 18, 26, 28, 32, 29, 36]
	},
	"constants":	{
		"COST_TOLERANCE":	1e-06
	}
}