{
	"solverName":	"mip",
	"timeLimit":	30,
	"randomSeed":	8111,
	"cmdLineDefines":	["HEUR_PRICER_MODE", "APPLY_UPPER_CUTOFF", "AMORTIZED_FRACTIONAL_LABELING", "NUM_THREADS"],
	"inputFile":	"data/BAP_Instances/last-10/CVRP-scaled-1.0/A/A-n37-k5/A-n37-k5-c258.vrp",
	"instanceInfo":	{
		"name":	"A-n37-k5-c258",
		"comment":	"(Augerat:et al, No of trucks: 5, Optimal value: 669)",
		"vehicleCap":	100,
		"numCustomers":	36,
		"numVehicles":	5
	},
	"solveStatus":	{
		"code":	6,
		"erroredOut":	false,
		"containsPrimalSolution":	true,
		"closedProblem":	true,
		"resExhaustionAbortion":	false,
		"sigTermAbortion":	false
	},
	"timingInfo":	{
		"took":	1.821228,
		"tookRepr":	"1 seconds(s), 821 msec(s), 228 usec(s)",
		"started":	"Wed Jun  8 19:17:40 2022",
		"ended":	"Wed Jun  8 19:17:42 2022"
	},
	"bounds":	{
		"dual":	-0.00098231827099848346,
		"primal":	-0.000982318271006477,
		"gap":	-8.1374898538352e-12
	},
	"tourInfo":	{
		"cost":	-0.00098231827101358249,
		"profit":	226.000982318271,
		"demand":	100,
		"route":	[0, 15, 30, 18, 25, 8, 27, 11, 9, 24, 23, 14, 17]
	},
	"constants":	{
		"COST_TOLERANCE":	1e-06
	}
}