{
	"solverName":	"mip",
	"timeLimit":	60,
	"randomSeed":	8111,
	"cmdLineDefines":	["HEUR_PRICER_MODE", "APPLY_UPPER_CUTOFF", "NUM_THREADS"],
	"inputFile":	"data/BAP_Instances/last-10/CVRP-scaled-1.0/A/A-n37-k5/A-n37-k5-c259.vrp",
	"instanceInfo":	{
		"name":	"A-n37-k5-c259",
		"comment":	"(Augerat:et al, No of trucks: 5, Optimal value: 669)",
		"vehicleCap":	100,
		"numCustomers":	36,
		"numVehicles":	5
	},
	"solveStatus":	{
		"code":	6,
		"erroredOut":	false,
		"containsPrimalSolution":	true,
		"closedProblem":	true,
		"resExhaustionAbortion":	false,
		"sigTermAbortion":	false
	},
	"timingInfo":	{
		"took":	8.31633,
		"tookRepr":	"8 seconds(s), 316 msec(s), 330 usec(s)",
		"started":	"Wed Jun  8 22:33:34 2022",
		"ended":	"Wed Jun  8 22:33:42 2022"
	},
	"bounds":	{
		"dual":	-0.00038800965348428917,
		"primal":	-0.00038800965348428917,
		"gap":	0
	},
	"tourInfo":	{
		"cost":	-0.00038800965347718375,
		"profit":	226.00038800965348,
		"demand":	100,
		"route":	[0, 15, 30, 18, 25, 8, 27, 11, 9, 24, 23, 14, 17]
	},
	"constants":	{
		"COST_TOLERANCE":	1e-06
	}
}