{
	"solverName":	"mip",
	"timeLimit":	1200,
	"randomSeed":	8111,
	"cmdLineDefines":	["HEUR_PRICER_MODE", "APPLY_UPPER_CUTOFF", "AMORTIZED_FRACTIONAL_LABELING"],
	"inputFile":	"data/BAP_Instances/last-10/CVRP-scaled-1.0/A/A-n37-k5/A-n37-k5-c259.vrp",
	"instanceInfo":	{
		"name":	"A-n37-k5-c259",
		"comment":	"(Augerat:et al, No of trucks: 5, Optimal value: 669)",
		"vehicleCap":	100,
		"numCustomers":	36,
		"numVehicles":	5
	},
	"solveStatus":	{
		"code":	6,
		"erroredOut":	false,
		"containsPrimalSolution":	true,
		"closedProblem":	true,
		"resExhaustionAbortion":	false,
		"sigTermAbortion":	false
	},
	"timingInfo":	{
		"took":	0.541465,
		"tookRepr":	"541 msec(s), 465 usec(s)",
		"started":	"Sun Jun  5 01:34:30 2022",
		"ended":	"Sun Jun  5 01:34:31 2022"
	},
	"bounds":	{
		"dual":	-0.00038800965418417377,
		"primal":	-0.00038800965418772648,
		"gap":	-9.15624836864702e-12
	},
	"tourInfo":	{
		"cost":	-0.00038800965347718375,
		"profit":	226.00038800965348,
		"demand":	100,
		"route":	[0, 15, 30, 18, 25, 8, 27, 11, 9, 24, 23, 14, 17]
	},
	"constants":	{
		"COST_TOLERANCE":	1e-06
	}
}