{
	"solverName":	"mip",
	"timeLimit":	1200,
	"randomSeed":	8111,
	"cmdLineDefines":	["HEUR_PRICER_MODE", "APPLY_UPPER_CUTOFF", "AMORTIZED_FRACTIONAL_LABELING"],
	"inputFile":	"data/BAP_Instances/last-10/CVRP-scaled-4.0/A/A-n37-k5/A-n37-k5-c887.vrp",
	"instanceInfo":	{
		"name":	"A-n37-k5-c887",
		"comment":	"(Augerat:et al, No of trucks: 5, Optimal value: 669)",
		"vehicleCap":	400,
		"numCustomers":	36,
		"numVehicles":	2
	},
	"solveStatus":	{
		"code":	6,
		"erroredOut":	false,
		"containsPrimalSolution":	true,
		"closedProblem":	true,
		"resExhaustionAbortion":	false,
		"sigTermAbortion":	false
	},
	"timingInfo":	{
		"took":	0.276104,
		"tookRepr":	"276 msec(s), 104 usec(s)",
		"started":	"Sun Jun  5 10:21:50 2022",
		"ended":	"Sun Jun  5 10:21:51 2022"
	},
	"bounds":	{
		"dual":	-0.083932085209565521,
		"primal":	-0.0839320852095895,
		"gap":	-2.8571692510019766e-13
	},
	"tourInfo":	{
		"cost":	-0.0839320852140304,
		"profit":	505.083932085214,
		"demand":	386,
		"route":	[0, 21, 16, 7, 4, 33, 13, 5, 6, 10, 2, 19, 20, 11, 27, 8, 9, 24, 23, 14, 17, 12, 1, 3, 25, 35, 18, 30, 26, 31, 28, 32, 29, 36, 34]
	},
	"constants":	{
		"COST_TOLERANCE":	1e-06
	}
}