{
	"solverName":	"mip",
	"timeLimit":	1200,
	"randomSeed":	8111,
	"cmdLineDefines":	["HEUR_PRICER_MODE", "APPLY_UPPER_CUTOFF", "AMORTIZED_FRACTIONAL_LABELING"],
	"inputFile":	"data/BAP_Instances/last-10/CVRP-scaled-20.0/A/A-n37-k5/A-n37-k5-c1098.vrp",
	"instanceInfo":	{
		"name":	"A-n37-k5-c1098",
		"comment":	"(Augerat:et al, No of trucks: 5, Optimal value: 669)",
		"vehicleCap":	2000,
		"numCustomers":	36,
		"numVehicles":	1
	},
	"solveStatus":	{
		"code":	6,
		"erroredOut":	false,
		"containsPrimalSolution":	true,
		"closedProblem":	true,
		"resExhaustionAbortion":	false,
		"sigTermAbortion":	false
	},
	"timingInfo":	{
		"took":	0.265178,
		"tookRepr":	"265 msec(s), 178 usec(s)",
		"started":	"Wed Jun  8 18:40:47 2022",
		"ended":	"Wed Jun  8 18:40:47 2022"
	},
	"bounds":	{
		"dual":	-0.3519025412411656,
		"primal":	-0.35190254124118781,
		"gap":	-6.3098323779863672e-14
	},
	"tourInfo":	{
		"cost":	-0.351902541241202,
		"profit":	434.3519025412412,
		"demand":	357,
		"route":	[0, 15, 34, 36, 29, 32, 28, 31, 26, 30, 18, 35, 25, 3, 1, 12, 17, 14, 20, 19, 2, 10, 6, 5, 13, 22, 33, 4, 7, 16, 21]
	},
	"constants":	{
		"COST_TOLERANCE":	1e-06
	}
}