{
	"solverName":	"mip",
	"timeLimit":	30,
	"randomSeed":	8111,
	"cmdLineDefines":	["HEUR_PRICER_MODE", "APPLY_UPPER_CUTOFF", "AMORTIZED_FRACTIONAL_LABELING", "NUM_THREADS"],
	"inputFile":	"data/BAP_Instances/last-10/CVRP-scaled-1.0/A/A-n37-k5/A-n37-k5-c260.vrp",
	"instanceInfo":	{
		"name":	"A-n37-k5-c260",
		"comment":	"(Augerat:et al, No of trucks: 5, Optimal value: 669)",
		"vehicleCap":	100,
		"numCustomers":	36,
		"numVehicles":	5
	},
	"solveStatus":	{
		"code":	6,
		"erroredOut":	false,
		"containsPrimalSolution":	true,
		"closedProblem":	true,
		"resExhaustionAbortion":	false,
		"sigTermAbortion":	false
	},
	"timingInfo":	{
		"took":	1.853163,
		"tookRepr":	"1 seconds(s), 853 msec(s), 163 usec(s)",
		"started":	"Wed Jun  8 19:17:35 2022",
		"ended":	"Wed Jun  8 19:17:37 2022"
	},
	"bounds":	{
		"dual":	-7.567280135845067e-13,
		"primal":	-7.602807272633072e-13,
		"gap":	-3.5259068882677518e-05
	},
	"tourInfo":	{
		"cost":	2.8421709430404e-14,
		"profit":	204,
		"demand":	96,
		"route":	[0, 2, 19, 20, 11, 27, 8, 9, 24, 3]
	},
	"constants":	{
		"COST_TOLERANCE":	1e-06
	}
}