{
	"solverName":	"mip",
	"timeLimit":	1200,
	"randomSeed":	8111,
	"cmdLineDefines":	["HEUR_PRICER_MODE", "APPLY_UPPER_CUTOFF", "AMORTIZED_FRACTIONAL_LABELING"],
	"inputFile":	"data/BAP_Instances/last-10/CVRP-scaled-1.0/A/A-n37-k5/A-n37-k5-c260.vrp",
	"instanceInfo":	{
		"name":	"A-n37-k5-c260",
		"comment":	"(Augerat:et al, No of trucks: 5, Optimal value: 669)",
		"vehicleCap":	100,
		"numCustomers":	36,
		"numVehicles":	5
	},
	"solveStatus":	{
		"code":	6,
		"erroredOut":	false,
		"containsPrimalSolution":	true,
		"closedProblem":	true,
		"resExhaustionAbortion":	false,
		"sigTermAbortion":	false
	},
	"timingInfo":	{
		"took":	0.562188,
		"tookRepr":	"562 msec(s), 188 usec(s)",
		"started":	"Sun Jun  5 01:34:31 2022",
		"ended":	"Sun Jun  5 01:34:32 2022"
	},
	"bounds":	{
		"dual":	-1.4921397450962104e-13,
		"primal":	-1.4921397450962104e-13,
		"gap":	0
	},
	"tourInfo":	{
		"cost":	-1.4210854715202e-13,
		"profit":	118.00000000000014,
		"demand":	100,
		"route":	[0, 30, 35, 18, 31, 28, 32, 36, 34]
	},
	"constants":	{
		"COST_TOLERANCE":	1e-06
	}
}