{
	"solverName":	"mip",
	"timeLimit":	30,
	"randomSeed":	8111,
	"cmdLineDefines":	["HEUR_PRICER_MODE", "APPLY_UPPER_CUTOFF", "DISABLE_FRACTIONAL_SEPARATION", "NUM_THREADS"],
	"inputFile":	"data/BAP_Instances/last-10/CVRP-scaled-1.0/A/A-n37-k5/A-n37-k5-c260.vrp",
	"instanceInfo":	{
		"name":	"A-n37-k5-c260",
		"comment":	"(Augerat:et al, No of trucks: 5, Optimal value: 669)",
		"vehicleCap":	100,
		"numCustomers":	36,
		"numVehicles":	5
	},
	"solveStatus":	{
		"code":	6,
		"erroredOut":	false,
		"containsPrimalSolution":	true,
		"closedProblem":	true,
		"resExhaustionAbortion":	false,
		"sigTermAbortion":	false
	},
	"timingInfo":	{
		"took":	21.609831,
		"tookRepr":	"21 seconds(s), 609 msec(s), 831 usec(s)",
		"started":	"Wed Jun  8 19:17:36 2022",
		"ended":	"Wed Jun  8 19:17:57 2022"
	},
	"bounds":	{
		"dual":	-1.3145040611561853e-13,
		"primal":	-1.27897692436818e-13,
		"gap":	3.5481756440281833e-05
	},
	"tourInfo":	{
		"cost":	-1.13686837721616e-13,
		"profit":	131.00000000000011,
		"demand":	98,
		"route":	[0, 30, 35, 18, 26, 28, 32, 29, 36]
	},
	"constants":	{
		"COST_TOLERANCE":	1e-06
	}
}