{
	"solverName":	"mip",
	"timeLimit":	60,
	"randomSeed":	8111,
	"cmdLineDefines":	["HEUR_PRICER_MODE", "APPLY_UPPER_CUTOFF", "NUM_THREADS"],
	"inputFile":	"data/BAP_Instances/last-10/CVRP-scaled-1.0/A/A-n37-k5/A-n37-k5-c260.vrp",
	"instanceInfo":	{
		"name":	"A-n37-k5-c260",
		"comment":	"(Augerat:et al, No of trucks: 5, Optimal value: 669)",
		"vehicleCap":	100,
		"numCustomers":	36,
		"numVehicles":	5
	},
	"solveStatus":	{
		"code":	6,
		"erroredOut":	false,
		"containsPrimalSolution":	true,
		"closedProblem":	true,
		"resExhaustionAbortion":	false,
		"sigTermAbortion":	false
	},
	"timingInfo":	{
		"took":	7.449858,
		"tookRepr":	"7 seconds(s), 449 msec(s), 858 usec(s)",
		"started":	"Wed Jun  8 22:33:38 2022",
		"ended":	"Wed Jun  8 22:33:46 2022"
	},
	"bounds":	{
		"dual":	-8.5620399659092072e-13,
		"primal":	-8.5975671026972122e-13,
		"gap":	-3.5224293560473727e-05
	},
	"tourInfo":	{
		"cost":	0,
		"profit":	214,
		"demand":	99,
		"route":	[0, 3, 24, 9, 8, 27, 11, 20, 19, 2, 10]
	},
	"constants":	{
		"COST_TOLERANCE":	1e-06
	}
}