{
	"solverName":	"mip",
	"timeLimit":	30,
	"randomSeed":	8111,
	"cmdLineDefines":	["HEUR_PRICER_MODE", "APPLY_UPPER_CUTOFF", "NUM_THREADS"],
	"inputFile":	"data/BAP_Instances/last-10/CVRP-scaled-1.0/A/A-n37-k6/A-n37-k6-c237.vrp",
	"instanceInfo":	{
		"name":	"A-n37-k6-c237",
		"comment":	"(Augerat:et al, No of trucks: 6, Optimal value: 949)",
		"vehicleCap":	100,
		"numCustomers":	36,
		"numVehicles":	6
	},
	"solveStatus":	{
		"code":	6,
		"erroredOut":	false,
		"containsPrimalSolution":	true,
		"closedProblem":	true,
		"resExhaustionAbortion":	false,
		"sigTermAbortion":	false
	},
	"timingInfo":	{
		"took":	15.091791,
		"tookRepr":	"15 seconds(s), 91 msec(s), 791 usec(s)",
		"started":	"Wed Jun  8 19:02:19 2022",
		"ended":	"Wed Jun  8 19:02:35 2022"
	},
	"bounds":	{
		"dual":	-1.5495618537042244,
		"primal":	-1.5495618537042262,
		"gap":	-1.1463607180566785e-15
	},
	"tourInfo":	{
		"cost":	-1.5495618537042333,
		"profit":	202.54956185370423,
		"demand":	100,
		"route":	[0, 4, 26, 22, 12, 11, 10, 13]
	},
	"constants":	{
		"COST_TOLERANCE":	1e-06
	}
}