{
	"solverName":	"mip",
	"timeLimit":	30,
	"randomSeed":	8111,
	"cmdLineDefines":	["HEUR_PRICER_MODE", "APPLY_UPPER_CUTOFF", "DISABLE_FRACTIONAL_SEPARATION", "NUM_THREADS"],
	"inputFile":	"data/BAP_Instances/last-10/CVRP-scaled-1.0/A/A-n37-k6/A-n37-k6-c237.vrp",
	"instanceInfo":	{
		"name":	"A-n37-k6-c237",
		"comment":	"(Augerat:et al, No of trucks: 6, Optimal value: 949)",
		"vehicleCap":	100,
		"numCustomers":	36,
		"numVehicles":	6
	},
	"solveStatus":	{
		"code":	8,
		"erroredOut":	false,
		"containsPrimalSolution":	false,
		"closedProblem":	false,
		"resExhaustionAbortion":	true,
		"sigTermAbortion":	false
	},
	"timingInfo":	{
		"took":	30.016589,
		"tookRepr":	"30 seconds(s), 16 msec(s), 589 usec(s)",
		"started":	"Wed Jun  8 19:02:20 2022",
		"ended":	"Wed Jun  8 19:02:50 2022"
	},
	"bounds":	{
		"dual":	-48.328994063559975,
		"primal":	0,
		"gap":	483289940635.59973
	},
	"constants":	{
		"COST_TOLERANCE":	1e-06
	}
}