{
	"solverName":	"mip",
	"timeLimit":	1200,
	"randomSeed":	8111,
	"cmdLineDefines":	["HEUR_PRICER_MODE", "APPLY_UPPER_CUTOFF", "AMORTIZED_FRACTIONAL_LABELING"],
	"inputFile":	"data/BAP_Instances/last-10/CVRP-scaled-10.0/A/A-n37-k5/A-n37-k5-c969.vrp",
	"instanceInfo":	{
		"name":	"A-n37-k5-c969",
		"comment":	"(Augerat:et al, No of trucks: 5, Optimal value: 669)",
		"vehicleCap":	1000,
		"numCustomers":	36,
		"numVehicles":	1
	},
	"solveStatus":	{
		"code":	6,
		"erroredOut":	false,
		"containsPrimalSolution":	true,
		"closedProblem":	true,
		"resExhaustionAbortion":	false,
		"sigTermAbortion":	false
	},
	"timingInfo":	{
		"took":	0.294145,
		"tookRepr":	"294 msec(s), 145 usec(s)",
		"started":	"Sun Jun  5 11:06:40 2022",
		"ended":	"Sun Jun  5 11:06:41 2022"
	},
	"bounds":	{
		"dual":	-0.34968928869111338,
		"primal":	-0.34968928869113114,
		"gap":	-5.07981484231639e-14
	},
	"tourInfo":	{
		"cost":	-0.34968928869102456,
		"profit":	373.349689288691,
		"demand":	301,
		"route":	[0, 15, 34, 36, 29, 32, 28, 31, 26, 30, 18, 35, 25, 3, 1, 12, 10, 6, 5, 13, 22, 33, 4, 7, 16, 21]
	},
	"constants":	{
		"COST_TOLERANCE":	1e-06
	}
}