{
	"solverName":	"mip",
	"timeLimit":	60,
	"randomSeed":	8111,
	"cmdLineDefines":	["HEUR_PRICER_MODE", "APPLY_UPPER_CUTOFF", "DISABLE_FRACTIONAL_SEPARATION", "NUM_THREADS"],
	"inputFile":	"data/BAP_Instances/last-10/CVRP-scaled-4.0/A/A-n37-k5/A-n37-k5-c891.vrp",
	"instanceInfo":	{
		"name":	"A-n37-k5-c891",
		"comment":	"(Augerat:et al, No of trucks: 5, Optimal value: 669)",
		"vehicleCap":	400,
		"numCustomers":	36,
		"numVehicles":	2
	},
	"solveStatus":	{
		"code":	6,
		"erroredOut":	false,
		"containsPrimalSolution":	true,
		"closedProblem":	true,
		"resExhaustionAbortion":	false,
		"sigTermAbortion":	false
	},
	"timingInfo":	{
		"took":	0.154243,
		"tookRepr":	"154 msec(s), 243 usec(s)",
		"started":	"Wed Jun  8 23:37:54 2022",
		"ended":	"Wed Jun  8 23:37:54 2022"
	},
	"bounds":	{
		"dual":	-1.13686837721616e-13,
		"primal":	-1.13686837721616e-13,
		"gap":	0
	},
	"tourInfo":	{
		"cost":	0,
		"profit":	514,
		"demand":	400,
		"route":	[0, 15, 34, 36, 29, 32, 28, 31, 26, 30, 18, 35, 25, 3, 1, 12, 17, 14, 23, 24, 9, 8, 27, 11, 20, 19, 2, 10, 6, 5, 33, 4, 13, 22, 16, 21]
	},
	"constants":	{
		"COST_TOLERANCE":	1e-06
	}
}