{
	"solverName":	"mip",
	"timeLimit":	30,
	"randomSeed":	8111,
	"cmdLineDefines":	["HEUR_PRICER_MODE", "APPLY_UPPER_CUTOFF", "NUM_THREADS"],
	"inputFile":	"data/BAP_Instances/last-10/CVRP-scaled-4.0/A/A-n37-k5/A-n37-k5-c891.vrp",
	"instanceInfo":	{
		"name":	"A-n37-k5-c891",
		"comment":	"(Augerat:et al, No of trucks: 5, Optimal value: 669)",
		"vehicleCap":	400,
		"numCustomers":	36,
		"numVehicles":	2
	},
	"solveStatus":	{
		"code":	6,
		"erroredOut":	false,
		"containsPrimalSolution":	true,
		"closedProblem":	true,
		"resExhaustionAbortion":	false,
		"sigTermAbortion":	false
	},
	"timingInfo":	{
		"took":	3.465074,
		"tookRepr":	"3 seconds(s), 465 msec(s), 74 usec(s)",
		"started":	"Wed Jun  8 19:52:42 2022",
		"ended":	"Wed Jun  8 19:52:46 2022"
	},
	"bounds":	{
		"dual":	-1.0516032489249483e-12,
		"primal":	-1.0516032489249483e-12,
		"gap":	0
	},
	"tourInfo":	{
		"cost":	-1.13686837721616e-13,
		"profit":	402.00000000000011,
		"demand":	294,
		"route":	[0, 15, 34, 3, 1, 12, 17, 14, 23, 24, 9, 8, 27, 11, 20, 19, 2, 10, 6, 5, 13, 22, 33, 4, 7, 16, 21]
	},
	"constants":	{
		"COST_TOLERANCE":	1e-06
	}
}