{
	"solverName":	"mip",
	"timeLimit":	60,
	"randomSeed":	8111,
	"cmdLineDefines":	["HEUR_PRICER_MODE", "APPLY_UPPER_CUTOFF", "AMORTIZED_FRACTIONAL_LABELING", "NUM_THREADS"],
	"inputFile":	"data/BAP_Instances/last-10/CVRP-scaled-4.0/A/A-n37-k5/A-n37-k5-c891.vrp",
	"instanceInfo":	{
		"name":	"A-n37-k5-c891",
		"comment":	"(Augerat:et al, No of trucks: 5, Optimal value: 669)",
		"vehicleCap":	400,
		"numCustomers":	36,
		"numVehicles":	2
	},
	"solveStatus":	{
		"code":	6,
		"erroredOut":	false,
		"containsPrimalSolution":	true,
		"closedProblem":	true,
		"resExhaustionAbortion":	false,
		"sigTermAbortion":	false
	},
	"timingInfo":	{
		"took":	0.340795,
		"tookRepr":	"340 msec(s), 795 usec(s)",
		"started":	"Wed Jun  8 23:37:54 2022",
		"ended":	"Wed Jun  8 23:37:54 2022"
	},
	"bounds":	{
		"dual":	-5.6843418860808e-14,
		"primal":	-5.6843418860808e-14,
		"gap":	0
	},
	"tourInfo":	{
		"cost":	0,
		"profit":	417,
		"demand":	329,
		"route":	[0, 3, 34, 36, 29, 32, 28, 31, 26, 30, 18, 35, 25, 8, 27, 11, 9, 24, 23, 14, 17, 12, 1, 22, 13, 5, 33, 4, 7, 16, 21]
	},
	"constants":	{
		"COST_TOLERANCE":	1e-06
	}
}