{
	"solverName":	"mip",
	"timeLimit":	1200,
	"randomSeed":	8111,
	"cmdLineDefines":	["HEUR_PRICER_MODE", "APPLY_UPPER_CUTOFF", "AMORTIZED_FRACTIONAL_LABELING"],
	"inputFile":	"data/BAP_Instances/last-10/CVRP-scaled-4.0/A/A-n37-k5/A-n37-k5-c891.vrp",
	"instanceInfo":	{
		"name":	"A-n37-k5-c891",
		"comment":	"(Augerat:et al, No of trucks: 5, Optimal value: 669)",
		"vehicleCap":	400,
		"numCustomers":	36,
		"numVehicles":	2
	},
	"solveStatus":	{
		"code":	6,
		"erroredOut":	false,
		"containsPrimalSolution":	true,
		"closedProblem":	true,
		"resExhaustionAbortion":	false,
		"sigTermAbortion":	false
	},
	"timingInfo":	{
		"took":	0.292312,
		"tookRepr":	"292 msec(s), 312 usec(s)",
		"started":	"Sun Jun  5 10:21:51 2022",
		"ended":	"Sun Jun  5 10:21:51 2022"
	},
	"bounds":	{
		"dual":	-5.6843418860808e-14,
		"primal":	-7.105427357601e-14,
		"gap":	-0.00014200764465169038
	},
	"tourInfo":	{
		"cost":	0,
		"profit":	502,
		"demand":	393,
		"route":	[0, 3, 34, 36, 29, 32, 28, 31, 26, 30, 18, 35, 25, 8, 27, 11, 9, 24, 23, 20, 19, 2, 6, 10, 12, 1, 22, 13, 5, 33, 4, 7, 16, 21]
	},
	"constants":	{
		"COST_TOLERANCE":	1e-06
	}
}