{
	"solverName":	"mip",
	"timeLimit":	60,
	"randomSeed":	8111,
	"cmdLineDefines":	["HEUR_PRICER_MODE", "APPLY_UPPER_CUTOFF", "AMORTIZED_FRACTIONAL_LABELING", "NUM_THREADS"],
	"inputFile":	"data/BAP_Instances/last-10/CVRP-scaled-1.0/A/A-n37-k6/A-n37-k6-c238.vrp",
	"instanceInfo":	{
		"name":	"A-n37-k6-c238",
		"comment":	"(Augerat:et al, No of trucks: 6, Optimal value: 949)",
		"vehicleCap":	100,
		"numCustomers":	36,
		"numVehicles":	6
	},
	"solveStatus":	{
		"code":	6,
		"erroredOut":	false,
		"containsPrimalSolution":	true,
		"closedProblem":	true,
		"resExhaustionAbortion":	false,
		"sigTermAbortion":	false
	},
	"timingInfo":	{
		"took":	5.045185,
		"tookRepr":	"5 seconds(s), 45 msec(s), 185 usec(s)",
		"started":	"Wed Jun  8 22:04:45 2022",
		"ended":	"Wed Jun  8 22:04:50 2022"
	},
	"bounds":	{
		"dual":	-0.2062785099998159,
		"primal":	-0.206278509999823,
		"gap":	-3.44457954159283e-14
	},
	"tourInfo":	{
		"cost":	-0.20627850999983366,
		"profit":	169.20627850999983,
		"demand":	100,
		"route":	[0, 14, 31, 19, 1, 3, 5, 8, 20]
	},
	"constants":	{
		"COST_TOLERANCE":	1e-06
	}
}