{
	"solverName":	"mip",
	"timeLimit":	30,
	"randomSeed":	8111,
	"cmdLineDefines":	["HEUR_PRICER_MODE", "APPLY_UPPER_CUTOFF", "AMORTIZED_FRACTIONAL_LABELING", "NUM_THREADS"],
	"inputFile":	"data/BAP_Instances/last-10/CVRP-scaled-1.0/A/A-n37-k5/A-n37-k5-c257.vrp",
	"instanceInfo":	{
		"name":	"A-n37-k5-c257",
		"comment":	"(Augerat:et al, No of trucks: 5, Optimal value: 669)",
		"vehicleCap":	100,
		"numCustomers":	36,
		"numVehicles":	5
	},
	"solveStatus":	{
		"code":	6,
		"erroredOut":	false,
		"containsPrimalSolution":	true,
		"closedProblem":	true,
		"resExhaustionAbortion":	false,
		"sigTermAbortion":	false
	},
	"timingInfo":	{
		"took":	1.798026,
		"tookRepr":	"1 seconds(s), 798 msec(s), 26 usec(s)",
		"started":	"Wed Jun  8 19:17:45 2022",
		"ended":	"Wed Jun  8 19:17:47 2022"
	},
	"bounds":	{
		"dual":	-0.21692694194212248,
		"primal":	-0.21692694194212692,
		"gap":	-2.0471832851625274e-14
	},
	"tourInfo":	{
		"cost":	-0.21692694194211981,
		"profit":	185.21692694194212,
		"demand":	100,
		"route":	[0, 24, 9, 11, 27, 8, 25, 30, 36]
	},
	"constants":	{
		"COST_TOLERANCE":	1e-06
	}
}