{
	"solverName":	"mip",
	"timeLimit":	60,
	"randomSeed":	8111,
	"cmdLineDefines":	["HEUR_PRICER_MODE", "APPLY_UPPER_CUTOFF", "NUM_THREADS"],
	"inputFile":	"data/BAP_Instances/last-10/CVRP-scaled-1.0/A/A-n37-k5/A-n37-k5-c257.vrp",
	"instanceInfo":	{
		"name":	"A-n37-k5-c257",
		"comment":	"(Augerat:et al, No of trucks: 5, Optimal value: 669)",
		"vehicleCap":	100,
		"numCustomers":	36,
		"numVehicles":	5
	},
	"solveStatus":	{
		"code":	6,
		"erroredOut":	false,
		"containsPrimalSolution":	true,
		"closedProblem":	true,
		"resExhaustionAbortion":	false,
		"sigTermAbortion":	false
	},
	"timingInfo":	{
		"took":	4.518293,
		"tookRepr":	"4 seconds(s), 518 msec(s), 293 usec(s)",
		"started":	"Wed Jun  8 22:33:59 2022",
		"ended":	"Wed Jun  8 22:34:03 2022"
	},
	"bounds":	{
		"dual":	-0.21692694194212958,
		"primal":	-0.21692694194212692,
		"gap":	1.2283099710975166e-14
	},
	"tourInfo":	{
		"cost":	-0.21692694194211981,
		"profit":	185.21692694194212,
		"demand":	100,
		"route":	[0, 24, 9, 11, 27, 8, 25, 30, 36]
	},
	"constants":	{
		"COST_TOLERANCE":	1e-06
	}
}