{
	"solverName":	"mip",
	"timeLimit":	30,
	"randomSeed":	8111,
	"cmdLineDefines":	["HEUR_PRICER_MODE", "APPLY_UPPER_CUTOFF", "DISABLE_FRACTIONAL_SEPARATION", "NUM_THREADS"],
	"inputFile":	"data/BAP_Instances/last-10/CVRP-scaled-4.0/A/A-n37-k5/A-n37-k5-c890.vrp",
	"instanceInfo":	{
		"name":	"A-n37-k5-c890",
		"comment":	"(Augerat:et al, No of trucks: 5, Optimal value: 669)",
		"vehicleCap":	400,
		"numCustomers":	36,
		"numVehicles":	2
	},
	"solveStatus":	{
		"code":	6,
		"erroredOut":	false,
		"containsPrimalSolution":	true,
		"closedProblem":	true,
		"resExhaustionAbortion":	false,
		"sigTermAbortion":	false
	},
	"timingInfo":	{
		"took":	0.17461,
		"tookRepr":	"174 msec(s), 610 usec(s)",
		"started":	"Wed Jun  8 19:52:45 2022",
		"ended":	"Wed Jun  8 19:52:45 2022"
	},
	"bounds":	{
		"dual":	-0.0096886854125699529,
		"primal":	-0.00968868541260548,
		"gap":	-3.6668686109980938e-12
	},
	"tourInfo":	{
		"cost":	-0.0096886854126410071,
		"profit":	382.00968868541264,
		"demand":	282,
		"route":	[0, 3, 1, 12, 17, 14, 23, 24, 9, 8, 27, 11, 20, 19, 2, 10, 6, 5, 13, 22, 33, 4, 7, 16, 21]
	},
	"constants":	{
		"COST_TOLERANCE":	1e-06
	}
}