{
	"solverName":	"mip",
	"timeLimit":	30,
	"randomSeed":	8111,
	"cmdLineDefines":	["HEUR_PRICER_MODE", "APPLY_UPPER_CUTOFF", "DISABLE_FRACTIONAL_SEPARATION", "NUM_THREADS"],
	"inputFile":	"data/BAP_Instances/last-10/CVRP-scaled-2.0/A/A-n37-k5/A-n37-k5-c489.vrp",
	"instanceInfo":	{
		"name":	"A-n37-k5-c489",
		"comment":	"(Augerat:et al, No of trucks: 5, Optimal value: 669)",
		"vehicleCap":	200,
		"numCustomers":	36,
		"numVehicles":	3
	},
	"solveStatus":	{
		"code":	6,
		"erroredOut":	false,
		"containsPrimalSolution":	true,
		"closedProblem":	true,
		"resExhaustionAbortion":	false,
		"sigTermAbortion":	false
	},
	"timingInfo":	{
		"took":	2.216244,
		"tookRepr":	"2 seconds(s), 216 msec(s), 244 usec(s)",
		"started":	"Wed Jun  8 19:37:23 2022",
		"ended":	"Wed Jun  8 19:37:25 2022"
	},
	"bounds":	{
		"dual":	-0.707614739416826,
		"primal":	-0.70761473941682951,
		"gap":	-5.0206891976647486e-15
	},
	"tourInfo":	{
		"cost":	-0.70761473941684,
		"profit":	273.70761473941684,
		"demand":	200,
		"route":	[0, 1, 12, 2, 19, 20, 23, 24, 9, 27, 8, 25, 35, 18, 26, 31, 32, 29]
	},
	"constants":	{
		"COST_TOLERANCE":	1e-06
	}
}