{
	"solverName":	"mip",
	"timeLimit":	60,
	"randomSeed":	8111,
	"cmdLineDefines":	["HEUR_PRICER_MODE", "APPLY_UPPER_CUTOFF", "DISABLE_FRACTIONAL_SEPARATION", "NUM_THREADS"],
	"inputFile":	"data/BAP_Instances/last-10/CVRP-scaled-4.0/A/A-n37-k5/A-n37-k5-c885.vrp",
	"instanceInfo":	{
		"name":	"A-n37-k5-c885",
		"comment":	"(Augerat:et al, No of trucks: 5, Optimal value: 669)",
		"vehicleCap":	400,
		"numCustomers":	36,
		"numVehicles":	2
	},
	"solveStatus":	{
		"code":	6,
		"erroredOut":	false,
		"containsPrimalSolution":	true,
		"closedProblem":	true,
		"resExhaustionAbortion":	false,
		"sigTermAbortion":	false
	},
	"timingInfo":	{
		"took":	0.12681,
		"tookRepr":	"126 msec(s), 810 usec(s)",
		"started":	"Wed Jun  8 23:37:54 2022",
		"ended":	"Wed Jun  8 23:37:55 2022"
	},
	"bounds":	{
		"dual":	-0.0627328741265245,
		"primal":	-0.0627328741265245,
		"gap":	0
	},
	"tourInfo":	{
		"cost":	-0.0627328741265387,
		"profit":	401.06273287412654,
		"demand":	289,
		"route":	[0, 21, 16, 7, 4, 33, 22, 13, 5, 6, 10, 2, 19, 20, 11, 27, 8, 9, 24, 23, 14, 17, 12, 1, 3, 34]
	},
	"constants":	{
		"COST_TOLERANCE":	1e-06
	}
}