{
	"solverName":	"mip",
	"timeLimit":	60,
	"randomSeed":	8111,
	"cmdLineDefines":	["HEUR_PRICER_MODE", "APPLY_UPPER_CUTOFF", "DISABLE_FRACTIONAL_SEPARATION", "NUM_THREADS"],
	"inputFile":	"data/BAP_Instances/last-10/CVRP-scaled-2.0/A/A-n37-k5/A-n37-k5-c490.vrp",
	"instanceInfo":	{
		"name":	"A-n37-k5-c490",
		"comment":	"(Augerat:et al, No of trucks: 5, Optimal value: 669)",
		"vehicleCap":	200,
		"numCustomers":	36,
		"numVehicles":	3
	},
	"solveStatus":	{
		"code":	6,
		"erroredOut":	false,
		"containsPrimalSolution":	true,
		"closedProblem":	true,
		"resExhaustionAbortion":	false,
		"sigTermAbortion":	false
	},
	"timingInfo":	{
		"took":	2.04163,
		"tookRepr":	"2 seconds(s), 41 msec(s), 630 usec(s)",
		"started":	"Wed Jun  8 23:10:44 2022",
		"ended":	"Wed Jun  8 23:10:46 2022"
	},
	"bounds":	{
		"dual":	-0.49038948766072821,
		"primal":	-0.49038948766073531,
		"gap":	-1.448935496159696e-14
	},
	"tourInfo":	{
		"cost":	-0.49038948766070689,
		"profit":	273.49038948766071,
		"demand":	200,
		"route":	[0, 1, 12, 2, 19, 20, 23, 24, 9, 27, 8, 25, 35, 18, 26, 31, 32, 29]
	},
	"constants":	{
		"COST_TOLERANCE":	1e-06
	}
}